01|BIENES Y VALORES ENTREGADOS|2||
012|VALORES Y BIENES ENTREGADOS EN GARANTIA|3||
0122|CUENTAS POR COBRAR|4||
012201|LETRAS EN DESCUENTO BCP SOLES|||
012202|LETRAS EN DESCUENTO BCP DOLARES|||
012203|NOTAS DE CREDITOS PROVEEDOR POR MUESTRA|||
012204|CAMBIO SOPORTE|||
012205|LETRAS EN DESCUENTO BCO INTERB SOLES|||
012206|LETRAS EN DESCUENTO BCO INTERB DOLARES|||
014|ACTIVOS REALIZABLES EN TRANSFORMACION|3||
0141|ACTIVOS REALIZABLES EN TRANSFORMACION|4||
014101|ACTIVOS REALIZABLES EN TRANSFORMACION|||
02|DERECHOS SOBRE INSTRUMENTOS FINANCIEROS|2||
03|OTRAS CUENTAS DE ORDEN DEUDORAS|2||
032|BIENES DADOS DE BAJA|3||
0321|BIENES DADOS DE BAJA|4||
032101|BIENES DADOS DE BAJA-MERCADERIA|||
04|CONTRAPARTIDA DE CUENTAS DE ORDEN DEUDOR|2||
06|BIENES Y VALORES RECIBIDOS|2||
07|COMPROMISOS SOBRE INSTRUMENTOS FINANCIER|2||
08|OTRAS CUENTAS DE ORDEN ACREEDORA|2||
082|BIENES DADOS DE BAJA|3||
0821|BIENES DADOS DE BAJA|4||
082101|BIENES DADOS DE BAJA-MERCADERIA|||
09|CONTRAPARTIDA DE CUENTAS DE ORDEN ACREED|2||
093|RESPONSABILIDAD DE LETRAS EN DESCUENTO|3||
0932|LETRAS EN DESCUENTO|4||
093201|LETRAS EN DESCUENTO BCP SOLES|||
093202|LETRAS EN DESCUENTO BCP DOLARES|||
093203|LETRAS EN DESCUENTO BCO INTERB SOLES|||
093204|LETRAS EN DESCUENTO BCO INTERB DOLARES|||
10|EFECTIVO Y EQUIVALENTES DE EFECTIVO|2||
101|CAJA|3||
1011|CAJA COBRANZAS SOLES|4||
10110|CAJA COBRANZAS SOLES|5||
101101|CAJA COBRANZA LIMA SOLES|||
101102|CAJA COBRANZA COMPUPLAZA SOLES|||
101103|CAJA COBRANZAS CHICLAYO SOLES|||
101104|CAJA COBRANZAS HUANCAYO SOLES|||
101105|CAJA COBRANZAS TRUJILLO SOLES|||
101106|CAJA COBRANZAS AREQUIPA SOLES|||
101107|CAJA VUELTOS LIMA SOLES|||
101108|CAJA VUELTO COMPUPLAZA SOLES|||
101109|CAJA VUELTO AREQUIPA SOLES|||
101110|CAJA VUELTO  LIMA-ALMACEN SOLES|||
1012|CAJA COBRANZAS DOLARES|4||
10120|CAJA COBRANZAS DOLARES|5||
101201|CAJA COBRANZAS LIMA DOLARES|||
101202|CAJA COBRANZAS COMPUPLAZA DOLARES|||
101203|CAJA COBRANZAS CHICLAYO DOLARES|||
101204|CAJA COBRANZAS HUANCAYO DOLARES|||
101205|CAJA COBRANZAS TRUJILLO DOLARES|||
101206|CAJA COBRANZAS AREQUIPA DOLARES|||
101207|CAJA VUELTO LIMA DOLARES|||
101208|CAJA VUELTO COMPUPLAZA DOLARES|||
101209|CAJA VUELTO AREQUIPA DOLARES|||
101210|CAJA VUELTO  LIMA-ALMACEN DOLARES|||
1013|CAJA CHICA EN SOLES|4||
10130|CAJA CHICA EN SOLES|5||
101301|CAJA CHICA LIMA SOLES|||
101302|CAJA CHICA CHICLAYO SOLES|||
101303|CAJA CHICA HUANCAYO SOLES|||
101304|CAJA CHICA COMPUPLAZA SOLES|||
101305|CAJA CHICA TRUJILLO SOLES|||
101306|CAJA CHICA AREQUIPA SOLES|||
101307|CAJA CHICA LIMA-COMERCIAL SOLES|||
101308|CAJA CHICA LIMA-ABASTECIMIIENTO SOLES|||
101309|CAJA CHICA LIMA-COMERCIAL MK SOLES|||
102|FONDOS FIJOS|3||
1021|FONDOS FIJOS EN SOLES|4||
10210|FONDOS FIJOS EN SOLES|5||
102101|FONDO FIJO LIMA SOLES|||
1022|FONDO  FIJO EN DOLARES|4||
10220|FONDO  FIJO EN DOLARES|5||
102201|FONDO FIJO  LIMA DOLARES|||
103|EFECTIVO Y CHEQUES EN TRÁNSITO|3||
1031|EFECTIVO EN TRÁNSITO|4||
10310|EFECTIVO EN TRÁNSITO|5||
103101|EFECTIVO EN TRANSITO SOLES|||
103102|EFECTIVO EN TRANSITO DOLARES|||
103103|CHEQUES EN TRANSITO SOLES|||
103104|CHEQUES EN TRANSITO DOLARES|||
103105|TRANSFERENCIA EN TRANSITO SOLES|||
103106|TRANSFERENCIA EN TRANSITO DOLARES|||
104|CTAS.CTE. EN INSTITUC. FINANCI|3||
1041|CUENTAS CORRIENTES OPERATIVAS|4||
10411|CTAS CORRIENTES OPERATIVAS-SOLES|5||
104111|BANCO CREDITO 471743089 - SOLES|||
104112|BANCO CONTINENTAL000152671- SOLES|||
104113|BANCO INTERAMEFIN700094567- SOLES|||
104114|BANCO CONTINENTAL 00039809- SOLES|||
104115|BANCODENACION005030897(DET)- SOLES|||
104116|BANCO SCOTIABANK 8657092- SOLES|||
104117|BANCO INTERBANK 3000936723- SOLES|||
104118|BANCO SANTANDER 8086265-SOLES|||
104119|BANCO SCOTIABANK 4128052-000-01- SOLES|||
10412|CTAS.CORRIENTES OPERATIVAS DOLARES|5||
104121|BANCO CREDITO 845019154- DOLARES|||
104122|BANCO CREDITOMIAMI090300004- DOLARES|||
104123|BANCO CONTINENTAL 000101174- DOLARES|||
104124|BANCOINTERAMERFINA000074205- DOLARES|||
104125|BANCO CONTINENTAL 00039825- DOLARES|||
104126|BANCO SCOTIABANK 340000058- DOLARES|||
104127|BANCO INTERBANK 3000936714- DOLARES|||
104128|BANCO INTERBANK 3000936730- DOLARES|||
104129|BANCO SANTANDER 8086273-DOLARES|||
10413|CTAS.CORRIENTES OPERATIVAS DOLARES|5||
104130|BANCO SCOTIABANK4748566-000-07_DOLARES|||
104131|CAJA AREQUIPA 0027153430211_DOLARES|||
106|DEPÓSITOS EN INSTITUCIONES FINANCIERAS|3||
1061|DEPÓSITOS DE AHORRO|4||
1062|DEPÓSITOS A PLAZO|4||
1063|OPERACIONES OVERNIGTH|4||
10631|OPERACIONES OVERNIGTH SOLES|5||
106311|OP.OVERNIGTH BCP_SOLES|||
106312|OP.OVERNIGTH BBVA_SOLES|||
106313|OP.OVERNIGTH INTERBANK_SOLES|||
106314|OP.OVERNIGTH SCOTIABANK_SOLES|||
10632|OPERACIONES OVERNIGTH DOLARES|5||
106321|OP.OVERNIGTH BCP_DOLARES|||
106322|OP.OVERNIGTH BBVA_DOLARES|||
106323|OP.OVERNIGTH INTERBANK_DOLARES|||
106324|OP.OVERNIGTH SCOTIABANK_DOLARES|||
107|FONDOS SUJETOS A RESTRICCION|3||
1071|FONDOS EN GARANTÍA|4||
10711|FONDOS EN GARANTÍA|5||
107111|FONDOS EN GARANTÍA DOLARES|||
1072|FONDOS RETENIDOS MANDATO AUTORIDAD|4||
1073|OTROS FONDOS SUJETOS A RESTRICCIÓN|4||
10731|OTROS FONDOS SUJETOS A RESTRICCIÓN|5||
107311|OTROS FONDOS SUJETOS RESTRICCIÓN|||
12|FACTURAS.BOL.Y OTR.COMP X COBR|2||
121|FACTURAS.BOL.Y OTR.COMP X COBR|3||
1211|NO EMITIDAS|4||
12110|NO EMITIDAS|5||
121101|FACT.POR COB. NO EMITIDAS SOLES|||
121102|FACT.POR COB.NO EMITIDAS DOLARES|||
1212|EMITIDAS EN CARTERA|4||
12120|EMITIDAS EN CARTERA|5||
121201|F.X COB.EMITIDAS EN CARTERA SOLES|||
121202|F.X COB.EMITIDAS EN CARTERA DOLARES|||
121203|CHEQUES DIFERIDOS EN SOLES|||
121204|CHEQUES DIFERIDOS EN DOLARES|||
121205|FACTURAS FACTORING-TELEBANKI DOLARES|||
122|ANTICIPOS DE CLIENTES|3||
1221|ANTICIPOS DE CLIENTES|4||
12210|ANTICIPOS DE CLIENTES|5||
122101|ANTICIPOS DE CLIENTES SOLES|||
122102|ANTICIPOS DE CLIENTES(NI) SOLES|||
122103|ANTICIPOS DE CLIENTES DOLARES|||
122104|ANTICIPOS DE CLIENTES (NI) DOLARES|||
123|LETRAS POR COBRAR|3||
1232|LETRAS POR COBRAR EN CARTERA|4||
12320|LETRAS POR COBRAR EN CARTERA|5||
123201|LET.POR COB.EN CARTERA SOLES|||
123202|LET.POR COB.EN CARTERA DOLARES|||
123203|LET.POR COB.RETENCION|||
1233|LETRAS POR COBRAR EN COBRANZA|4||
12330|LETRAS POR COBRAR EN COBRANZA|5||
123301|LET.POR COB.EN COBRANZA SOLES|||
123302|LET.POR COB EN COBRANZA DOLARES|||
1234|LETRA POR COBRAR EN DESCUENTO|4||
12340|LETRA POR COBRAR EN DESCUENTO|5||
123401|LET.POR COB. EN DESCUENTO SOLES|||
123402|LET.POR COB.EN DESCUENTO DOLARES|||
1235|LETRA POR COBRAR PROTESTADO|4||
12350|LETRA POR COBRAR PROTESTADO|5||
123501|LET.PROTESTADO SOLES|||
123502|LET.PROTESTADO DOLARES|||
124|FACTURA ENDOSADA POR COBRAR|3||
1241|FACTURA ENDOSADA POR COBRAR|4||
12410|FACTURA ENDOSADA POR COBRAR|5||
124101|FACTURA ENDOSADA POR COBRAR DOLARES|||
129|COBRANZA DUDOSA|3||
1291|FACTURAS, BOLETAS Y OTROS COMPROBANTES P|4||
12910|FACTURAS, BOLETAS Y OTROS COMPROBANTES P|5||
129101|FACT,BOL.Y OTR.COMP X COB. SOLES|||
129102|FACT,BOL.Y OTR.COMP X COB DOLARES|||
1293|LETRAS POR COBRAR|4||
12930|LETRAS POR COBRAR|5||
129301|LETRAS POR COBRAR SOLES|||
129302|LETRAS POR COBRAR DOLARES|||
13|CUENTAS POR COBRAR COMERCIALES – RELACIO|2||
131|FACTURAS,BOL.Y OTR.COMP. X COB|3||
1311|NO EMITIDAS|4||
13110|NO EMITIDAS|5||
131101|FACT.POR COB.NO EMITIDAS SOLES|||
131102|FACT.POR COB.NO EMITIDAS DOLARES|||
1312|EMITIDAS EN CARTERA|4||
13120|EMITIDAS EN CARTERA|5||
131201|F.X COB.EMITIDAS EN CARTERA SOLES|||
131202|F.X.COB.EMITIDAS EN CARTERA DOLARES|||
132|ANTICIPOS RECIBIDOS|3||
1321|ANTICIPOS RECIBIDOS|4||
13210|ANTICIPOS RECIBIDOS|5||
132101|ANTICIPOS RECIBIDOS - OTROS  SOLES|||
132102|ANTICIPOS RECIBIDOS - OTROS  DOLARES|||
133|LETRAS POR COBRAR|3||
1331|LETRAS POR COBRAR EN CARTERA|4||
13310|LETRAS POR COBRAR EN CARTERA|5||
133101|LET.POR COB.EN CARTERA SOLES|||
133102|LET.POR COB.EN CARTERA DOLARES|||
1332|LETRAS POR COBRAR EN COBRANZA|4||
13320|LETRAS POR COBRAR EN COBRANZA|5||
133201|LET.POR COB.EN COBRANZA SOLES|||
133202|LET.POR COB.EN COBRANZA DOLARES|||
1333|LETRA POR COBRAR EN DESCUENTO|4||
13330|LETRA POR COBRAR EN DESCUENTO|5||
133301|LET.POR COB.EN DESCUENTO SOLES|||
133302|LET.POR COB.EN DESCUENTO DOLARES|||
14|CTAS.POR COB.AL PERS.ACC,DIR,G|2||
141|CUENTAS POR COBRAR AL PERSONAL|3||
1411|PRESTAMOS|4||
141101|PRESTAMOS AL PERSONAL SOLES|||
141102|PRESTAMOS AL PERSONAL DOLARES|||
1412|ADELANTO DE REMUNERACIONES|4||
141201|ADELANTO DE REMUNERACIONES SOLES|||
141202|ADELANTO DE VACACIONES  SOLES|||
1413|ENTREGAS A RENDIR CUENTA|4||
141301|ENTREGAS A RENDIR CUENTA PERS.SOLES|||
141302|ENTREGAS A RENDIR CUENTA PERS.DOLARES|||
141303|ENTREGA A RENDIR DEVOL. SOLES|||
141304|ENTREGA A RENDIR DEVOL. DOLARES|||
1419|OTRAS CUENTAS POR COBRAR AL PERSONAL|4||
141901|OTRAS CUENTAS POR COBRAR AL PERS. SOLES|||
142|CTAS COBRAR A LOS ACCIONISTAS(SOCIOS|3||
1422|PRESTAMOS SOCIOS|4||
142201|PRESTAMO SOCIO SOLES|||
142202|PRESTAMO SOCIO DOLARES|||
1423|ADELANTO DE UTILIDADES|4||
142301|UTI-GILBERTO IGARASHI GONCALVES|||
142302|UTI-MARISABEL ASCENCIO DE LA S|||
142303|UTI-MONICA YAMAMOTO LOBE|||
142304|UTI.GILBERTO  IGARASHI GONCALVES-GA|||
142305|UTI.MARISABEL ASCENCIO COM-GA|||
1424|ENTREGAS A RENDIR CUENTA - SOCIOS|4||
142401|ENTREGAS RENDIR CUENTA SOCIOS  SOLES|||
142402|ENTREGAS RENDIR CUENTA SOCIOS DOLARES|||
16|CTAS.POR COBR.DIVERSAS-TERCERO|2||
161|PRESTAMOS|3||
1612|PRESTAMOS SIN GARANTIA|4||
161201|PRESTAMO OVER NIGHT SOLES|||
161202|PRESTAMO OVER NIGHT DOLARES|||
162|RECLAMACIONES A TERCEROS|3||
1621|RECLAMACION TERCEROS - COMPAÑIAS ASEGURA|4||
162101|RECLAMACIONES CIA SEGURO EN SOLES|||
162102|RECLAMACIONES CIA SEGURO EN DOLARES|||
1625|CUENTAS POR  COBRAR CON TARJETA|4||
162501|CUENTAS COBRAR -TARJ.VISA CREDITO SOLES|||
162502|CUENTAS COBRAR -TARJ.VISA DEBITO SOLES|||
162503|CUENTAS COBRAR -TARJ.MASTER CRED SOLES|||
162504|CUENTAS COBRAR -TARJ.IZI PAY CREDITO SOL|||
162505|CUENTAS COBRAR -TARJ.IZI PAY DEBITO SOLE|||
162506|CUENTAS COBRAR -TARJ.IZI PAY CREDITO DOL|||
162507|CUENTAS COBRAR -TARJ.IZI PAY DEBITO DOL|||
1626|CUENTAS POR COBRAR A BANCOS-COMISIONES|4||
162601|CUENTAS COBRAR BCO BCP-COMISIONES DOLARE|||
162602|CUENTAS COBRAR BCO BCP-COMISIONES SOLES|||
1629|OTRAS RECLAMACIONES A TERCEROS|4||
162901|RECLAMACIONES INSTIT.FINANCIE-AFP SOLES|||
162902|RECLAMACIONES INSTIT.FINANCIE-AFP DOLARE|||
162903|RECLAMACIONES ADUANAS-SUNAT EN DOLARES|||
162904|RECLAMACIONES ESSALUD-SUBSIDIO SOLES|||
162905|RECLAMACIONES ADUANAS-SUNAT EN SOLES|||
163|NTERESES, REGALIAS Y DIVIDENDOS.|3||
1631|INTERESES|4||
163101|INTERESES OVER NIGHT SOLES|||
163102|INTERESES OVER NIGHT DOLARES|||
164|DEPOSITOS OTORGADOS EN GARANTIA|3||
1643|DEPOSITO EN GARANTIA POR ALQUILERES|4||
164301|DEPOSITO GARANTIA ALQ-LOCAL-DOLARES|||
164302|DEPOSITO GARANTIA ALQ-LOCAL-SOLES|||
1644|DEPOSITO GARANTIA ADUANAS|4||
164401|DEPOSITO GARANTIA ADUANAS-DOLARES|||
167|TRIBUTOS POR ACREDITAR|3||
1671|PAGOS A CUENTA DEL IMPUESTO A LA RENTA|4||
167101|PAGOS A CUENTA DEL IMPUESTO A LA RENTA|||
1672|PAGOS A CUENTA DE ITAN|4||
167201|PAGOS A CUENTA DE ITAN|||
1673|IGV POR ACREDITAR EN COMPRAS|4||
167301|IGV POR ACREDITAR EN COMPRAS|||
1674|IGV POR ACREDITAR NO DOMICILIADOS|4||
167401|IGV POR ACREDITAR NO DOMICILIADOS|||
169|OTRAS CUENTAS POR COBR.DIVERSAS|3||
1691|ENTREGAS A RENDIR CUENTA A TERCEROS|4||
169101|ENTREGAS RENDIR CTA IMPORTACIONES SOLES|||
169102|ENTREGAS RENDIR CTA IMPORTACIONES DOLARE|||
169103|ENTREGAS A RENDIR CUENTA A TERCEROS SOLE|||
169104|ENTREGAS A RENDIR CUENTA A TERCEROS DOLA|||
169105|ENTREGA A RENDIR COMPROBANT CCH. SOLES|||
1699|OTRAS CUENTAS POR COBR.DIVERSA|4||
169901|OTRAS CUENTAS POR COBRAR SOLES|||
169902|OTRAS CUENTAS POR COBRAR DOLARES|||
17|CUENTAS POR COB. DIVERS-RELACIONADAS|2||
171|PRESTAMOS|3||
1712|SIN GARANTIA|4||
17120|SIN GARANTIA|5||
171201|PRESTAMO SIN GARANTIA SOLES|||
171202|PRESTAMO SIN GARANTIA DOLARES|||
18|SERVICIOS Y OTROS CONTRATADOS ANTICIPADO|2||
181|COSTOS FINANCIEROS|3||
1811|INTERESES POR DEVENGAR|4||
181101|INTERESES POR PRESTAMO BANCARIO SOLES|||
181102|INTERESES POR PRESTAMO BANCARIO DOLARES|||
181103|INTERESES-LETRAS EN DESCUENTO EN SOLES|||
181104|INTERESES-LETRAS EN DESCUENTO EN DOLARES|||
181105|GASTOS LEASING EN DOLARES|||
181106|GASTOS-CARTAS FIANZAS EN DOLARES|||
182|SEGUROS|3||
1821|SEGUROS LOCAL|4||
182101|SEGUROS ROBOS Y ASALTOS|||
182102|SEGURO CONTRA INCENDIOS|||
182103|SEGURO MULTIRIESGO|||
182104|SEGURO DESHONESTIDAD|||
1822|SEGURO UNIDADES DE TRANSPORTES|4||
182201|SEGURO SOAT VEHICULAR|||
182202|SEGURO VEHICULAR|||
1823|SEGURO EMPLEADOS|4||
182301|SEGURO MEDICO|||
182302|SEGURO VIDA_SCTR - EMPLEADOS|||
183|ALQUILERES|3||
1831|ALQUILERES PAGADOS POR ANTICIPADO|4||
183101|ALQUILERES LOCALES|||
183102|ALQUILERES DE GPS|||
189|OTROS GTOS CONTRATADOS ANTICIPADO|3||
1891|OTROS GTOS CONTRATADOS ANTICIPADO|4||
189101|OT.ANTIC.SUSCRIPCIONES|||
189102|OT.ANTIC.ARBITRIOS MUNICIPALES|||
189103|OT.ANTIC.IMPUESTO PREDIAL|||
189104|OT.ANTIC.IMPUESTO VEHICULAR|||
189105|OT.ANTIC.PUBLICIDAD|||
189106|OT.LINCENCIAS ANTIVIRUS|||
189107|OTROS GTOS CONTRAT ANTICIPADOS|||
189108|TARJETA DE REGALO (GIFT CARDS)|||
189109|OT.ANTIC.SERVICIO GPS|||
19|ESTIMACION DE CTAS.COBR.DUDOSAS|2||
191|CUENTAS POR COBRAR COMERCIALES-TERCEROS|3||
1911|FACTURAS, BOLETAS Y OTROS COMPROBANTES P|4||
191101|FACT,BOL.Y OTR.COMP.X COBRAR SOLES|||
191102|FACT,BOL.Y OTR.COMP.X COBRAR DOLARES|||
191103|CHEQUES DIFERIDOS EN SOLES|||
191104|CHEQUES DIFERIDOS EN DOLARES|||
1913|LETRAS POR COBRAR|4||
191301|LET.POR COB.EN CARTERA SOLES|||
191302|LET.POR COB.EN CARTERA DOLARES|||
191303|LET.POR COB.EN COBRANZA SOLES|||
191304|LET.POR COB EN COBRANZA DOLARES|||
191305|LET.POR COB. EN DESCUENTO SOLES|||
191306|LET.POR COB.EN DESCUENTO DOLARES|||
191307|LET.PROTESTADO SOLES|||
191308|LET.PROTESTADO DOLARES|||
192|CUENTAS COBRAR COMERCIALES - RELACIONADA|3||
1921|FACTURAS.BOL.Y OTR.COMP X COBRAR|4||
192101|FACT,BOL.Y OTR.COMP.X COBRAR SOLES|||
192102|FACT,BOL.Y OTR.COMP.X COBRAR DOLARES|||
1923|LETRAS POR COBRAR|4||
192301|LET.POR COB.EN CARTERA SOLES|||
192302|LET.POR COB.EN CARTERA DOLARES|||
193|CUENTAS POR COBRAR AL PERSONAL, A LOS AC|3||
1931|CUENTAS POR COBRAR AL PERSONAL|4||
193101|CUENTAS POR COBRAR AL PERSONAL EN SOLES|||
193102|CUENTAS POR COBRAR AL PERSONAL EN DOLARE|||
194|CUENTAS POR COBRAR DIVERSAS – TERCEROS|3||
1949|OTRAS CUENTAS POR COBRAR DIVERSAS|4||
194901|OTRAS CUENTAS POR COBRAR DIVERSAS SOLES|||
194902|OTRAS CUENTAS POR COBRAR DIVERSAS DOLARE|||
20|MERCADERIAS|2||
201|MERCADERIAS|3||
2011|MERCADERIAS|4||
20111|MERCADERIAS-COSTO|5||
201111|MERCADERIAS-COSTO|||
20114|MERCADERIAS-VALOR RAZONABLE|5||
201141|MERCADERIAS-VALOR RAZONABLE|||
21|PRODUCTOS TERMINADOS|2||
211|PRODUCTOS TERMINADOS|3||
2111|PRODUCTOS TERMINADOS|4||
21111|PRODUCTOS TERMINADOS-COSTO|5||
211111|PRODUCTOS TERMINADOS-COSTO|||
23|PRODUCTOS EN PROCESO|2||
235|INVENTARIO DE SERVICIOS EN PROCESO|3||
2351|SERVICIOS EN PROCESO|4||
23511|SERVICIOS EN PROCESO-COSTO|5||
235111|SERVICIOS EN PROCESO-COSTO|||
24|MATERIAS PRIMAS|2||
241|MATERIAS PRIMAS|3||
2411|MATERIAS PRIMAS|4||
24111|MATERIAS PRIMAS-COSTO|5||
241111|MATERIAS PRIMAS-COSTO|||
25|MAT.AUXILIARES,SUMIN.Y REPUEST|2||
252|SUMINISTROS|3||
2524|OTROS SUMINISTROS|4||
252411|COMPROBANTES DE PAGO|||
252412|PUBLICIDAD IMPORTACIONES|||
252413|PUBLICIDAD|||
252414|UTILES DE OFICINA-LIMPIEZA|||
28|INVENTARIO POR RECIBIR|2||
281|MERCADERIAS POR RECIBIR|3||
2811|MERCADERIAS POR RECIBIR|4||
28111|MERCADERIAS POR RECIBIR|5||
281111|MERCADERIAS POR RECIBIR TRANSITO|||
281112|MERCADERIAS POR RECIBIR CONSIGNACIONES|||
281113|MERCADERIAS POR RECIBIR RMA|||
281114|MERCADERIAS POR RECIBIR INCAUTACION|||
281115|MERCADERIAS POR RECIBIR MUESTRAS|||
281116|MERCADERIAS POR RECIBIR ALQUILER|||
29|DESVALORIZACION DE INVENTARIOS|2||
291|DESVAL.INVENT-MERCADERIAS|3||
2911|DESVAL.INVENT-MERCADERIAS|4||
29111|DESVAL.INVENT-MERCADERIAS-COSTO|5||
291111|DESVAL.INVENT-MERCADERIAS-COSTO|||
296|MATERIALES AUX.,SUMINISTROS Y REPUESTOS|3||
2962|SUMINISTROS|4||
296211|SUMINISTROS|||
32|ACTIVOS POR DERECHO DE USO|2||
322|PROP.PLANTA Y EQUI.- ARRENDA.FINANCIERO|3||
3222|ARRENDAMIENTO FINANCIERO-TERRENOS|4||
32221|ARRENDA.FINANCIERO-TERRENOS-COSTO|5||
322211|ARRENDA.FINANCIERO-TERRENOS-COSTO|||
3223|ARRENDAMIENTO FINANCIERO-EDIFICACIONES|4||
32231|ARRENDA.FINANCIERO-EDIFICACIONES-COSTO|5||
322311|ARRENDA.FINANCIERO-EDIFICACIONES-COSTO|||
3225|ARRENDAMIENTO FINANCIERO-UNID.TRANSPORTE|4||
32251|ARRENDA.FINANCIERO-UNIDADES TRANSP-COSTO|5||
322511|ARRENDA.FINANCIERO-UNIDADES TRANSP-COSTO|||
33|PROPIEDAD, PLANTA Y EQUIPO|2||
331|TERRENOS|3||
3311|TERRENOS|4||
33111|TERRENOS-COSTO|5||
331111|TERRENOS-COSTO|||
332|EDIFICACIONES|3||
3321|EDIFICACIONES|4||
33211|EDIFICACIONES-COSTO|5||
332111|LOCALES-COSTO|||
332112|ALMACENES-COSTO|||
3325|MEJORAS EN LOCALES ARRENDADOS.|4||
33251|MEJORAS LOCALES ARREND-COSTO|5||
332511|MEJORAS LOCALES ARREND-COSTO|||
334|UNIDADES DE TRANSPORTE|3||
3341|VEHÍCULOS MOTORIZADOS|4||
33411|UNIDADES TRANSPORTES-COSTO|5||
334111|UNIDADES TRANSPORTES-COSTO|||
33412|UNIDADES TRANSPORTES-REVALUACION|5||
334121|UNIDADES TRANSPORTES-REVALUACION|||
335|MUEBLES Y ENSERES|3||
3351|MUEBLES|4||
33511|MUEBLES-COSTO|5||
335111|MUEBLES-COSTO|||
33512|MUEBLES-REVALUACION|5||
335121|MUEBLES-REVALUACION|||
336|EQUIPOS DIVERSOS|3||
3361|EQUIPO PARA PROCESAMIENTO DE INFORMACION|4||
33611|EQ.PROCESAMIENT.INFORMACION-COSTO|5||
336111|EQ.PROCESAMIENT.INFORMACION-COSTO|||
33612|EQ.PROCESAMIENT.INFORMACION-REVALUAC|5||
336121|EQ.PROCESAMIENT.INFORMACION-REVALUAC|||
3362|EQUIPO DE COMUNICACIÓN|4||
33621|EQUIPO DE COMUNICACIÓN-COSTO|5||
336211|EQUIPO DE COMUNICACIÓN-COSTO|||
33622|EQUIPO DE COMUNICACIÓN-REVALUACION|5||
336221|EQUIPO DE COMUNICACIÓN-REVALUACION|||
3363|EQUIPO DE SEGURIDAD|4||
33631|EQUIPO DE SEGURIDAD-COSTO|5||
336311|EQUIPO DE SEGURIDAD-COSTO|||
33632|EQUIPO DE SEGURIDAD-REVALUACION|5||
336321|EQUIPO DE SEGURIDAD-REVALUACION|||
3369|OTROS EQUIPOS|4||
33691|OTROS EQUIPOS-COSTO|5||
336911|OTROS EQUIPOS-COSTO|||
33692|OTROS EQUIPOS-REVALUACION|5||
336921|OTROS EQUIPOS-REVALUACION|||
339|OBRAS EN CURSO|3||
3392|EDIFICACIONES EN CURSO|4||
33921|EDIFICACIONES EN CURSO-COSTO|5||
339211|EDIFICACIONES EN CURSO-COSTO|||
34|INTANGIBLES|2||
341|CONCESIONES,LICENC.Y OTR.DERECHOS|3||
3412|LICENCIAS|4||
34121|LICENCIAS-COSTO|5||
341211|LICENCIAS-COSTO|||
343|PROGRAM.COMPUTADORA(SOFTWARE)|3||
3431|APLICACIONES INFORMATICAS|4||
34311|APLICACIONES INFORMATICAS-COSTO|5||
343111|APLICACIONES INFORMATICAS-COSTO|||
344|COSTOS EXPLORACION Y DESARROLLO|3||
3442|COSTO DE DESARROLLO|4||
34421|COSTO DE DESARROLLO-COSTO|5||
344211|COSTO DE DESARROLLO-COSTO|||
37|ACTIVO DIFERIDO|2||
371|IMPUESTO A LA RENTA DIFERIDO|3||
3711|IMPUESTO A LA RENTA DIFERIDO-PATRIMONIO|4||
371111|IMPUESTO A LA RENTA DIFERIDO-PATRIMONIO|||
3712|IMPUESTO A LA RENTA DIFERIDO-RESULTADOS|4||
371211|IMPUESTO A LA RENTA DIFERIDO-RESULTADOS|||
373|INTERESES DIFERIDOS|3||
3731|INTERESES NO DEVENGADOS TRANSACC.TERCERO|4||
373111|INTERESES NO DEVENGADOS-LOCALES|||
373112|INTERESES NO DEVENGADOS-UNIDAD TRANSPORT|||
39|DEPRECIACIÓN y AMORTIZACIÓN ACUMULADOS|2||
393|DEP.ACUM.PROP.PLANTA Y EQUI.- ARRENDA.FI|3||
3932|DEP.ACUM.ARRENDA FINANCIERO-EDIFICACIONE|4||
39321|DEP.ACUM.ARRENDA FINAN.-EDIFICACIONES CO|5||
393211|DEP.ACUM.ARRENDA FINAN.-EDIFICACIONES CO|||
3934|DEP.ACUM.ARRENDA FINANCIERO-UNID,TRANSPO|4||
39341|DEP.ACUM.ARRENDA FINAN.-UNID,TRANSPORTE|5||
393411|DEP.ACUM.ARRENDA FINAN.-UNID,TRANSPORTE|||
395|DEP.ACUMULADA DE PROPIEDAD, PLANTA Y EQU|3||
3952|DEP.ACUM.PROP.PLANTA Y EQUI.-COSTO|4||
39521|DEP.ACUMULADA-EDIFICACIONES|5||
395211|DEP.ACUM.-EDIFICACIONES COSTO|||
39523|DEP.ACUM.MEJORAS LOCALES ARRENDADOS COST|5||
395231|DEP.ACUM.MEJORAS LOCALES ARRENDADOS COST|||
39525|DEP.ACUM.UNIDADES DE TRANSPORTE COSTO|5||
395251|DEP.ACUM.UNIDADES DE TRANSPORTE COSTO|||
39526|DEP.ACUM.MUEBLES Y ENSERES-COSTO|5||
395261|DEP.ACUM.MUEBLES Y ENSERES-COSTO|||
39527|DEP.ACUM.EQUIPOS DIVERSOS-COSTO|5||
395271|DEP.ACUM.EQ.PROCESAMIENT.INFORM-COSTO|||
395272|DEP.ACUM.EQUIPO DE COMUNICACIÓN-COSTO|||
395273|DEP.ACUM.EQUIPO DE SEGURIDAD-COSTO|||
395274|DEP.ACUM.OTROS EQUIPOS-COSTO|||
396|AMORTIZACION ACUMULADA|3||
3961|INTANGIBLES-COSTO|4||
39611|CONCESIONES, LICENCIAS Y OTROS DERECHOS|5||
396111|CONCESIONES, LICENCIAS Y OTROS DERECHOS|||
39613|PROGRAMAS DE COMPUTADORA (SOFTWARE)|5||
396131|PROGRAMAS DE COMPUTADORA (SOFTWARE)|||
40|TRIB.CONTS Y AP.SIST.PÚBLICO PENSION Y S|2||
401|GOBIERNO NACIONAL|3||
4011|IMPUESTO GENERAL A LAS VENTAS|4||
40111|IGV – CUENTA PROPIA|5||
401111|IGV – CUENTA PROPIA|||
40112|IGV - SERVICIOS PRESTADOS POR NO DOMICIL|5||
401121|IGV - SERVICIOS PRESTADOS POR NO DOMICIL|||
40113|IGV – RÉGIMEN DE PERCEPCIONES|5||
401131|IGV – RÉGIMEN DE PERCEPCIONES|||
40114|IGV – RÉGIMEN DE RETENCIONES|5||
401141|IGV – RÉGIMEN DE RETENCIONES|||
40115|IGV – IMPORTACIONES|5||
401151|IGV – IMPORTACIONES|||
40116|IGV – DESTINADO A OPERACIONES GRAVADAS|5||
401161|IGV – DESTINADO A OPERACIONES GRAVADAS|||
40117|IGV – DESTINADO A OPERACIONES COMUNES|5||
401171|IGV – DESTINADO A OPERACIONES COMUNES|||
4015|DERECHOS ADUANEROS|4||
40151|DERECHOS ARANCELARIOS|5||
401511|DERECHOS ARANCELARIOS|||
4017|IMPUESTO A LA RENTA|4||
40171|RENTA DE TERCERA CATEGORÍA|5||
401711|RENTA DE TERCERA CATEGORÍA|||
40172|RENTA DE CUARTA CATEGORÍA|5||
401721|RENTA DE CUARTA CATEGORÍA|||
40173|RENTA DE QUINTA CATEGORÍA|5||
401731|RENTA DE QUINTA CATEGORÍA|||
40174|RENTA DE NO DOMICILIADOS|5||
401741|RENTA DE NO DOMICILIADOS|||
40175|OTRAS RETENCIONES|5||
401751|OTRAS RETENCIONES|||
4018|OTROS IMPUESTOS Y CONTRAPRESTA|4||
40185|IMPUESTO A LOS DIVIDENDOS|5||
401851|IMPUESTO A LOS DIVIDENDOS|||
40186|IMPUESTO TEMPORAL A LOS ACTIVOS NETOS|5||
401861|IMPUESTO TEMPORAL A LOS ACTIVOS NETOS|||
403|INSTITUCIONES PUBLICAS|3||
4031|ESSALUD|4||
403111|ESSALUD|||
4032|ONP|4||
403211|ONP|||
406|GOBIERNOS LOCALES|3||
4061|IMPUESTOS|4||
40611|IMPUESTO AL PATRIMONIO VEHICULAR|5||
406111|IMPUESTO AL PATRIMONIO VEHICULAR|||
40614|IMPUESTO DE ALCABALA|5||
406141|IMPUESTO DE ALCABALA|||
40615|IMPUESTO PREDIAL|5||
406151|IMPUESTO PREDIAL|||
41|REMUNERAC. Y PARTICIPACIONES POR PAGAR|2||
411|REMUNERACIONES POR PAGAR|3||
4111|SUELDOS Y SALARIOS POR PAGAR|4||
411111|SUELDOS Y SALARIOS POR PAGAR|||
4113|REMUNERACIONES EN ESPECIE POR PAGAR|4||
411311|REMUNERACIONES EN ESPECIE POR PAGAR|||
4114|GRATIFICACIONES POR PAGAR|4||
411411|GRATIFICACIONES POR PAGAR|||
4115|VACACIONES POR PAGAR|4||
411511|VACACIONES POR PAGAR|||
413|PARTICIPACIONES DE LOS TRABAJADORES POR|3||
4131|PARTICIPACIONES DE LOS TRABAJADORES POR|4||
413111|PARTICIPACIONES DE LOS TRABAJADORES POR|||
415|BENEFICIOS SOCIALES DE LOS TRABAJADORES|3||
4151|COMPENSACION POR TIEMPO DE SERVICIOS|4||
415111|COMPENSACION POR TIEMPO DE SERVICIOS|||
417|ADMINISTRADORAS DE FOND.D PENS|3||
4171|AFP HABITAT|4||
417111|AFP HABITAT|||
4172|AFP INTEGRA|4||
417211|AFP INTEGRA|||
4173|AFP PROFUTURO|4||
417311|AFP PROFUTURO|||
4174|AFP PRIMA|4||
417411|AFP PRIMA|||
419|OTRAS REMUNERACIONES Y PARTICIPACIONES P|3||
4191|OTRAS REMUNERACIONES Y PARTICIPACIONES P|4||
419111|OTRAS REMUNERACIONES-PART.-SOLES|||
419112|OTRAS REMUNERACIONES-PART.-DOLARES|||
42|CUENTAS POR PAGAR COMECIALES - TERCEROS|2||
421|FACTURAS, BOLETAS Y OTROS COMPROBANTES P|3||
4211|NO EMITIDAS|4||
421111|F.B.C. POR PAG NO EMITIDAS EN SOLES|||
421112|F.B.C. POR PAG.NO EMITIDAS EN DOLARES|||
421113|PROVISIONES DIVERSAS -IMPORTACION SOLES|||
421114|PROVISIONES DIVERSAS -IMPORTACION DOLARE|||
4212|EMITIDAS|4||
421211|FACTURAS Y BOLETAS EN SOLES|||
421212|FACTURAS Y BOLETAS EN DOLARES|||
422|ANTICIPOS A PROVEEDORES|3||
4221|ANTICIPOS A PROVEEDORES|4||
422111|ANTICIPOS OTORGADOS EN SOLES|||
422112|ANTICIPOS OTORGADOS EN DOLARES|||
423|LETRAS POR PAGAR|3||
4231|LETRAS POR PAGAR|4||
423111|LETRAS POR PAGAR SOLES|||
423112|LETRAS POR PAGAR DOLARES|||
424|HONORARIOS POR PAGAR|3||
4241|HONORARIOS POR PAGAR|4||
424111|HONORARIOS POR PAGAR SOLES|||
424112|HONORARIOS POR PAGAR DOLARES|||
43|CTAS POR PAGAR COMERCIALES-RELACIONADAS|2||
431|FACTURAS,BOL.Y OTR.COMP.POR PAGAR|3||
4311|NO EMITIDAS|4||
431111|F.B.C. POR PAG NO EMITIDAS RELAC.EN SOLE|||
431112|F.B.C. POR PAG.NO EMITIDAS RELAC.EN DOLA|||
4312|EMITIDAS|4||
431211|FACTURAS Y BOLETAS RELAC.EN SOLES|||
431212|FACTURAS Y BOLETAS RELAC.EN DOLARES|||
432|ANTICIPOS OTORGADOS|3||
4321|ANTICIPOS OTORGADOS|4||
432111|ANTICIPOS OTORGADOS LOCALES RELAC.SOLES|||
432112|ANTICIPOS OTORGADOS LOCALES RELAC.DOLARE|||
433|LETRAS POR PAGAR|3||
4331|LETRAS POR PAGAR|4||
433111|LETRAS POR PAGAR RELAC.EN SOLES|||
433112|LETRAS POR PAGAR RELAC.EN DOLARES|||
44|CUENTAS POR PAGAR A LOS ACCIONISTAS|2||
441|ACCIONISTAS(SOCIOS,PARTICIPES)|3||
4411|PRESTAMOS|4||
441111|PRESTAMOS SOCIOS EN SOLES|||
441112|PRESTAMOS SOCIOS EN DOLARES|||
4412|DIVIDENDOS|4||
441211|DIVIDENDOS EN SOLES|||
441212|DIVIDENDOS EN DOLARES|||
45|OBLIGACIONES FINANCIERAS|2||
451|PRESTAMOS DE INST.FINANC.YOTRA ENTIDADES|3||
4511|INSTITUCIONES FINANCIERAS|4||
451111|PRESTAMO INSTIT.FINANCIERAS EN SOLES|||
451112|PRESTAMO INSTIT.FINANCIERAS EN DOLARES|||
451113|PRESTAMO PERSONAS NATURALES EN SOLES|||
451114|PRESTAMO PERSONAS NATURALES  EN DOLARES|||
451115|PRESTAMO PERS.JURIDICA SOLES|||
451116|PRESTAMO PERS.JURIDICA DOLARES|||
452|CONTRATOS DE ARRENDAMIENTO FINANCIERO|3||
4521|CONTRATOS DE ARRENDAMIENTO FINANCIERO|4||
452111|CONTR.ARRENDAM.FINANCIERO EN DOLARES|||
454|OTROS INSTRUMENTOS FINANCIEROS POR PAGAR|3||
4541|LETRAS|4||
454111|LETRAS DESCUENTOS SOLES|||
454112|LETRAS DESCUENTOS DOLARES|||
455|COSTOS DE FINANCIACION POR PAGAR|3||
4551|PRESTAMOS DE INSTITUCIONES FINANCIERAS Y|4||
45511|INSTITUCIONES FINANCIERAS|5||
455111|INTERES-INSTITUCION FINANCIERAS EN SOLES|||
455112|INTERES-INSTITUCION FINANCIERAS EN DOLAR|||
4552|CONTRATOS DE ARRENDAMIENTO FINANCIERO|4||
455211|INTERES-PORTES CONTR.ARREND. EN DOLARES|||
4554|OTROS INSTRUMENTOS FINANCIEROS POR PAGAR|4||
45541|LETRAS|5||
455411|INT.LETRAS DESCUENTOS SOLES|||
455412|INT.LETRAS DESCUENTOS DOLARES|||
46|CTAS.POR PAGAR DIVERSAS-TERCER|2||
461|RECLAMACIONES DE TERCEROS|3||
4611|RECLAMACIONES DE TERCEROS|4||
461111|RECLAMACIONES DE TERCEROS EN SOLES|||
461112|RECLAMACIONES DE TERCEROS EN DOLARES|||
461113|RECLAMACIONES DE TERCEROS (NI)|||
467|DEPOSITOS RECIBIDOS EN GARANTI|3||
4671|DEPOSITOS RECIBIDOS EN GARANTI|4||
467111|DEPOS.RECIBIDOS EN GARANTIA  EN SOLES|||
467112|DEPOS.RECIBIDOS EN GARANTIA  EN DOLARES|||
469|OTRAS CUENTAS POR PAGAR DIVERSAS|3||
4696|DSCTO AUTORIZADO MANDATO JUDICIAL|4||
469611|DSCTO AUTORIZADO MANDATO JUDICIAL SOLES|||
4699|OTRAS CUENTAS POR PAGAR|4||
469911|PROV.CUENTAS POR PAGAR DIVERSAS SOLES|||
469912|PROV.CUENTAS POR PAGAR DIVERSAS DOLARES|||
469913|PROVISIONES DIVERSAS -IMPORTACION SOLES|||
469914|PROVISIONES DIVERSAS -IMPORTACION DOLARE|||
47|CUENTAS POR PAGAR DIVERSAS - RELACIONADA|2||
471|PRESTAMOS-RELACIONADAS|3||
4711|PRESTAMOS-RELACIONADAS|4||
471111|PRESTAMOS RELACIONADA EN SOLES|||
471112|PRESTAMOS RELACIONADA EN DOLARES|||
48|PROVISIONES|2||
489|OTRAS PROVISIONES|3||
4891|OTRAS PROVISIONES|4||
489111|OTRAS PROVISIONES|||
49|PASIVO DIFERIDO|2||
491|IMPUESTO A LA RENTA DIFERIDO|3||
4911|IMPUESTO A LA RENTA DIFERIDO - PATRIMONI|4||
491111|IMPUESTO RTA.DIFERIDO-PATRIMON|||
496|INGRESOS DIFERIDOS|3||
4961|INGRESOS DIFERIDOS|4||
496111|INGRESOS DIFERIDOS|||
50|CAPITAL|2||
501|CAPITAL SOCIAL|3||
5012|PARTICIPACIONES|4||
501211|PARTICIPACIONES|||
59|RESULTADOS ACUMULADOS|2||
591|UTILIDADES NO DISTRIBUIDAS|3||
5911|UTILIDADES ACUMULADAS|4||
591111|UTILIDADES ACUMULADAS|||
591112|RESULTADOS DEL EJERCICIO|||
5912|INGRESOS DE AÑOS ANTERIORES|4||
591211|INGRESOS DE AÑOS ANTERIORES|||
592|PERDIDAS ACUMULADAS|3||
5921|PERDIDAS ACUMULADAS|4||
592111|PERDIDAS ACUMULADAS|||
5922|GASTOS DE AÑOS ANTERIORES|4||
592211|GASTOS DE AÑOS ANTERIORES|||
60|COMPRAS|2||
601|MERCADERIAS|3||
6011|MERCADERIAS|4||
601111|MERCADERIAS MANUFACTURADAS AL COSTO||201111|611111
601112|MERCADERIAS MANUFACTURADAS AL VALOR RAZO||201141|611111
602|MATERIAS PRIMAS|3||
6021|MATERIAS PRIMAS|4||
602111|MATERIAS PRIMAS||241111|612111
603|MATERIALES AUXILIARES, SUMINISTROS Y REP|3||
6032|SUMINISTROS|4||
603211|COMPROBANTES DE PAGO||252411|613211
603212|PUBLICIDAD IMPORTACIONES||252413|613211
603213|PUBLICIDAD LOCALES||252413|613211
603214|UTILES DE OFICINA-LIMPIEZA||252414|613211
609|COSTOS VINCUL.CON COMPRAS|3||
6091|COSTOS VINCUL.CON COMPRAS MERCADERIA|4||
60911|TRANSPORTE|5||
609111|TRANSPORTE AGENTE DE ADUANAS||201111|611111
60912|SEGURO|5||
609121|SEGURO DE IMPORTACION||201111|611111
60913|DERECHOS ADUANEROS|5||
609131|DERECHOS ADUANEROS(AD VALOREM)||201111|611111
609141|COMISIONES AGENTE DE ADUANA||201111|611111
60919|OTROS COSTOS|5||
609191|FLETE DE IMPORTACION||201111|611111
609192|GASTOS EN ORIGEN||201111|611111
609193|GASTOS INSPECCION||201111|611111
609194|OTROS GASTOS VINCULADOS CON LA COMPRA DE||201111|611111
6099|COSTOS POR SERVICIOS|4||
60991|COSTOS POR SERVICIOS|5||
609911|COSTOS SERVICIOS -SOPORTE LOGITECH||201111|611111
61|VARIACIÓN DE INVENTARIOS|2||
611|MERCADERIAS|3||
6111|MERCADERIAS|4||
61111|MERCADERIAS|5||
611111|MERCADERIAS|||
612|MATERIAS PRIMAS|3||
6121|MATERIAS PRIMAS|4||
61211|MATERIAS PRIMAS|5||
612111|MATERIAS PRIMAS|||
613|MATERIALES AUXILIARES, SUMINISTROS Y REP|3||
6132|SUMINISTROS|4||
61321|SUMINISTROS|5||
613211|SUMINISTROS|||
62|GASTOS DE PERSONAL Y DIRECTORES|2||
621|REMUNERACIONES|3||
6211|SUELDOS Y SALARIOS|4||
621111|SUELDOS||946211|791111
621112|SUBVENCION ECONOMICA MENSUAL||946211|791111
6214|GRATIFICACIONES|4||
621411|GRATIFICACIONES||946214|791111
6215|VACACIONES|4||
621511|VACACIONES||946215|791111
621512|VACACIONES TRUNCAS NIFF19||946215|791111
622|OTRAS REMUNERACIONES|3||
6221|OTRAS REMUNERACIONES|4||
622111|HORAS EXTRAS||946221|791111
622112|BONIF.EXTRA.LEY29714||946221|791111
622113|BONIFICACION EXTRAORDINARIA||946221|791111
622114|MOVILIDAD||946221|791111
622115|PREST. ALIM. SUMINISTRO IND. COMERCIAL||946221|791111
622116|PREST. ALIM. SUMINISTRO IND.COLABORAD||946221|791111
622117|ASIGNACION PARA EL PERSONAL||946221|791111
624|CAPACITACION|3||
6241|CAPACITACION|4||
624111|CAPACITACION||946241|791111
625|ATENCION AL PERSONAL|3||
6251|ATENCION AL PERSONAL|4||
625111|REFRIGERIOS AL PERSONAL||946251|791111
625112|UNIFORME PARA EL PERSONAL||946251|791111
625113|AGASAJO Y OTRAS ACTIV. AL PERSONAL||946251|791111
625114|AGASAJOS POR ANIVERSARIO||946251|791111
625115|CANASTAS Y SIMILARES||946251|791111
625116|CARGAS DE PERSONAL (ND)||946251|791111
625117|ATENCION MEDICA||946251|791111
627|SEGURIDAD Y PREVISION SOCIAL Y OTRAS CON|3||
6271|REGIMEN DE PRESTACION DE SALUD|4||
627111|REGIMEN DE PREST.DE SALUD||946271|791111
6273|SEGURO COMPLEMENTARIO DE TRABAJODE RIESG|4||
627311|SEGURO COMPLEMENTARIO DE TRABAJODE RIESG||946273|791111
6274|SEGURO DE VIDA|4||
627411|SEGURO DE VIDA||946274|791111
6275|SEGUROS PARTI. PREST.SALUD – EPS Y OTROS|4||
627511|SEGUROS PARTI. PREST.SALUD – EPS Y OTROS||946275|791111
629|BENEFICIOS SOCIALES DE LOS TRABAJADORES|3||
6291|COMPENSACION POR TIEMPO DE SERVICIOS|4||
629111|COMPENSACION POR TIEMPO DE SERVICIOS||946291|791111
6294|PARTICIPACIÓN EN LAS UTILIDADES|4||
62941|PARTICIPACIÓN CORRIENTE|5||
629411|PARTICIPACIÓN CORRIENTE||946294|791111
62942|PARTICIPACIÓN DIFERIDA|5||
629421|PARTICIPACIÓN DIFERIDA||946294|791111
63|GASTOS SERVIC.PREST.X TERCEROS|2||
631|TRANSPORTE, CORREOS Y GASTOS DE VIAJE|3||
6311|TRANSPORTE|4||
63111|TRANSPORTE DE CARGA|5||
631111|FLETE TRASLADO DE MERCADERIA||946311|791111
631112|FLETE TRASLADO ENTRE ALMACENES||946311|791111
631113|TRANSPORTE DESTRUCCION EXISTENCI Y OTROS||946311|791111
63112|TRANSPORTE DE PASAJEROS|5||
631121|PASAJE AMBITO NACIONAL||946311|791111
631122|PASAJE AMBITO INTERNACIONAL||946311|791111
631123|MOVILIDAD-TAXI||946311|791111
631124|MOVILIDAD-TAXI  POR VIAJE||946311|791111
6312|CORREOS|4||
631211|ENCOMIENDAS Y SOBRES||946312|791111
6313|ALOJAMIENTO POR VIAJE|4||
631311|ALOJAMIENTO POR VIAJE AMBITO NACIONAL||946313|791111
631312|ALOJAMIENTO POR VIAJE AMBITO INTERNACION||946313|791111
6314|ALIMENTACION POR VIAJE|4||
631411|ALIMENTACION POR VIAJE AMBITO NACIONAL||946314|791111
631412|ALIMENTACION POR VIAJE AMBITO INTERNACIO||946314|791111
6315|OTROS GASTOS DE VIAJE|4||
631511|OTROS GASTOS POR VIAJE AMBITO NACIONAL||946315|791111
631512|OTROS GASTOS POR VIAJE AMBITO INTERNACIO||946315|791111
632|ASESORIA Y CONSULTORIA|3||
6321|ADMINISTRATIVA|4||
632111|ADMINISTRATIVA||946321|791111
632112|SISTEMAS||946321|791111
632113|LOGISTICO (RED)||946321|791111
632114|OPERATIVO||946321|791111
632115|LOGISTICO ALMACEN||946321|791111
632116|SERVICIOS TECNICOS DROGUERIA||956330|791111
6322|LEGAL Y TRIBUTARIA|4||
632211|SERVICIO LEGAL Y NOTARIALES||946322|791111
6323|AUDITORIA Y CONTABLE|4||
632311|SERVICIO AUDITORIA Y CONTABLE||946323|791111
6324|MERCADOTECNIA|4||
632411|SERVICIO DE MERCADOTECNIA||946324|791111
632412|COMISIONISTA||946324|791111
6326|INVESTIGACION Y DESARROLLO|4||
632611|INVESTIGACION Y DESARROLLO||946326|791111
6328|SERVICIO DE SOPORTE LOGITECH|4||
632811|SERVICIO SOPORTE LOGITECH(ND)||956328|791111
6329|OTROS|4||
632911|SERVICIOS OTROS||946329|791111
634|MANTENIMIENTO Y REPARACIONES|3||
6342|ACTIVOS POR DERECHO DE USO|4||
63421|ACTIVOS POR DERECHO DE USO-ARRENDA.FINAN|5||
634211|MANT.REPARA.ACTIVOS ADQ.ARRENDA-LOCALES||946342|791111
634212|MANT.REPARA.ACTIVOS ADQ.ARRENDA-UNID.TRA||946342|791111
6343|PROPIEDAD, PLANTA Y EQUIPO|4||
634311|MANT. Y REPARA.DE LOCALES||946343|791111
634312|MANT. Y REPARA.DE UNIDADES DE TRANSPORTE||946343|791111
634313|MANT.Y REP.DE MUEBLES||946343|791111
634314|MANT.Y REP.DE EQUIPOS DE COMPUTO||946343|791111
634315|MANT.Y REP.DE EQUIPOS DE COMUNICACIÓN||946343|791111
634316|MANT.Y REP.DE EQUIPOS DE SEGURIDAD||946343|791111
634317|MANT.Y REP.DE AIRE ACONDICIONADO||946343|791111
6346|MANTENIMIENTO DE SISTEMAS|4||
634611|MANTENIMIENTO SISTEMA BIZLINKS||946346|791111
635|ALQUILERES|3||
6352|ALQUILER EDIFICACIONES|4||
635211|ALQUILER EDIFICACIONES-LOCALES COMERCIAL||946352|791111
635212|ALQUILER ALMACEN||946352|791111
635213|ALQUILER LOCAL PARA EVENTOS||946352|791111
635214|ALQUILER LOCAL ADMINISTRATIVO||946352|791111
635215|ALQUILER DEPOSITO SIMPLE||946352|791111
635216|ALQUILER DE ESPACIO PARA PUBLICIDAD||956352|791111
6354|ALQUILER EQUIPO DE TRANSPORTE|4||
635411|ALQUILER UNIDADES TRANSPORTE||946354|791111
6355|ALQUILER MUEBLES Y ENSERES|4||
635511|ALQUILER MUEBLES Y ENSERES||946355|791111
6356|ALQUILER EQUIPOS DIVERSOS|4||
635611|ALQUILER-FOTOCOPIADORA||946356|791111
635612|ALQUILER DE GRUPO ELECTROGENO||946356|791111
635613|ALQUILER DE MAQUINARIAS||946356|791111
635614|ALQUILER DE GPS||956356|791111
635615|ALQUILER DE OTROS EQUIPOS DIVERSOS||956356|791111
636|SERVICIOS BASICOS|3||
6361|ENERGIA ELECTRICA|4||
636111|ENERGIA ELECTRICA||946361|791111
6363|AGUA|4||
636311|AGUA||946363|791111
6364|TELEFONOS|4||
636411|TELEFONOS FIJOS||946364|791111
636412|ENTEL PREPAGO||946364|791111
636413|TELEFONOS CELULARES||946364|791111
6365|INTERNET|4||
636511|INTERNET_LOCAL PRINCIPAL||946365|791111
6369|SERVICIO DE INFORMACION|4||
636911|ASSENDA_EQUIFAX_CARVAJAL||946369|791111
636912|RENIEC||946369|791111
636913|SUNARP(RRPP)||946369|791111
636914|MERCOSUR-PERU TOP||946369|791111
636915|INDECOPI||946369|791111
637|PUBLICIDAD, PUBLICACIONES, RELACIONES PÚ|3||
6371|PUBLICIDAD|4||
637111|PUBLICIDAD||946371|791111
6372|PUBLICACIONES|4||
637211|PUBLICACIONES-RECLUTAMIENTO||946372|791111
6373|RELACIONES PÚBLICAS|4||
637311|GASTOS DE REPRESENTACION-PROVEEDOR||956373|791111
637312|GASTOS DE REPRESENTACION-CLIENTE||956373|791111
637313|GASTOS DE BONIFICACION MERCAD-CLIENTE KX||956373|791111
637314|GASTOS DE BONIFICACION SUMINI-CLIENTES||956373|791111
637315|GASTOS DE BONIFICACION SUMINI-KX||956373|791111
637316|GASTOS FINES PUBLICITARIOS||956373|791111
638|SERVICIO DE CONTRATISTA|3||
6381|SERVICIO DE CONTRATISTA|4||
638111|SERVICIO DE CONTRATISTA||946381|791111
639|OTROS SERVICIOS PRESTADOS POR TERCEROS|3||
6391|GASTOS BANCARIOS|4||
639111|COMISION BANCO CORRESPONSAL||946391|791111
639112|COMISION CHEQUE DEVUELTO||946391|791111
639113|COMISION CHEQUERA||946391|791111
639114|COMISION CHEQUE GERENCIA||946391|791111
639115|COMISION EMISION CHEQUE MIAMI||946391|791111
639116|COMISION COBRANZA CHEQUES EXTERIOR||946391|791111
639117|COMISION MANEJO DE PRENDA||946391|791111
639118|COMISION POLIZA||946391|791111
639119|COMISION TASACION||946391|791111
639120|COMISION INVESTIGACION||946391|791111
639121|COMISION EXCESO CHEQUES||946391|791111
639122|COMISION RECAUDACION||946391|791111
639123|COMISION DEPOSITO||946391|791111
639124|PORTE||946391|791111
639125|COMISION BANCA POR INTERNET||946391|791111
639126|COMISION PAGO DE SERVICIOS||946391|791111
639127|COMISION SOBREGIRO||946391|791111
639128|COMISION POR EXCESO OPERACIONES||946391|791111
639129|MANTENIMIENTO||946391|791111
639130|COMISIONES VARIAS||946391|791111
639131|COMISION HABERES||946391|791111
639132|COMISION TRANSFERENCIA||946391|791111
639133|MENSAJE SWISS||946391|791111
639134|COMISION DE DEPOSITO DE TERCERO||946391|791111
639135|COMISION TELEBANKING||946391|791111
639136|COMISION VISANET||946391|791111
639137|COMISION JUDICIAL BANCO PRIVADO||946391|791111
6393|PARQUEO|4||
639311|PARQUEO UNIDADES DE TRANSPORTES PROPIAS||946393|791111
639312|PARQUEO UNID.TRANSP.ALQUILADO||946393|791111
6394|SERVICIOS RETAIL|4||
639411|SERVICIOS GTO.MARKETING RETAIL||946394|791111
639412|SERVICIOS GTO. MARKETING(RED)||946394|791111
639413|SERVICIOS GTO.MARKETING RESSELER||956394|791111
6399|SERVICIOS VARIOS|4||
639911|SERVI.MOVILIZACION CARGA-CUADRILLA(ALBO)||946399|791111
639912|ALARMA Y MONITOREO||946399|791111
639913|SERVICIO DE APOYO CARGA Y DESCARGA IMPOR||946399|791111
639914|SERVICIO FOTOCOPIA-IMPRESION-EMPASTE||946399|791111
639915|PEAJE||946399|791111
639916|SERVICIO DE FUMIGACION||956399|791111
639917|SERVICIO DE CUADRILLA MERCADERIA||946399|791111
639918|SERVICIOS DE TERCEROS(BORDADOS-LAVADO)||946399|791111
639919|SERVICIO DE REPARTO||946399|791111
639920|SERVICIO DE HOMOLOGACION||946399|791111
639921|OTROS SERVICIOS (ND)||946399|791111
639922|SERVICIO DE CUSTODIA UNIDTRANS_LOCAL(ND)||946399|791111
639923|SERVICIO DE DISEÑO WEB-ORDENAMIENTO DOCU||956399|791111
639924|SERVICIO DE GESTION DE EVENTOS||956399|791111
64|GASTOS POR TRIBUTOS|2||
641|GOBIERNO NACIONAL|3||
6411|IMPUESTO GENERAL A LAS VENTAS Y SELECTIV|4||
641111|I.G.V. RETIRO DE BIENES (ND)||946411|791111
6412|IMPUESTO A LAS TRANSACCIONES FINANCIERAS|4||
641211|IMPUESTO A LA TRANSACCIONES FINANCIERAS||946412|791111
6419|OTROS  TRIBUTOS|4||
64191|ICBPER|5||
641911|ICBPER||956419|791111
643|GOBIERNO LOCAL|3||
6431|IMPUESTO PREDIAL|4||
643111|IMPUESTO PREDIAL LOCAL||946431|791111
6432|ARBITRIOS MUNICIPALES Y SEGURIDAD CIUDAD|4||
643211|ARBITRIOS MUNICIPALES Y SEGURIDAD CIUDAD||946432|791111
6433|IMPUESTO AL PATRIMONIO VEHICULAR|4||
643311|IMPUESTO AL PATRIMONIO VEHICULAR||946433|791111
6434|LICENCIA DE FUNCIONAMIENTO|4||
643411|LICENCIA DE FUNCIONAMIENTO||946434|791111
6435|IMPUESTO A LA ALCABALA|4||
643511|IMPUESTO A LA ALCABALA||946435|791111
644|OTROS GASTOS POR TRIBUTOS|3||
6443|OTROS|4||
644311|TASAS CONTRATOS-POLICIALES-JUDICIALES||946443|791111
644312|UNIMPRO-DERECHO||946443|791111
644313|OTROS TRIBUTOS NO CONSIDERADO (ND)||946443|791111
644314|REDONDEO DE IMPUESTOS||946443|791111
645|GASTOS EN DEUDA TRIBUTARIA|3||
6451|INTERESES|4||
645111|INTERES COMPENSAT.PAGO DERECHOS ADUANERO||946451|791111
645112|INTERESESMORATORIOS_OBLIGA SUNAT-AFP(ND)||946451|791111
645113|INTERESESMORATORIOS_OBLIGACIONES ADU(ND)||946451|791111
645114|INTERESESMORATORIOS_OBLIGACIONES MUN(ND)||946451|791111
6452|INTERESES - FRACCIONAMIENTO|4||
645211|INTERESES - FRACCIONAMIENTO SUNAT||946452|791111
645212|INTERESES - FRACCIONAMIENTO ADUANAS||946452|791111
645213|INTERESES - FRACCIONAMIENTO MUNICIPALIDA||946452|791111
6453|MULTAS|4||
645311|MULTAS-SUNAT (ND)||946453|791111
645312|MULTAS-ADUANAS (ND)||946453|791111
645313|MULTAS-MUNICIPALIDAD (ND)||946453|791111
6454|COSTAS Y OTROS|4||
645411|COSTAS Y OTROS SUNAT (ND)||946454|791111
645412|COSTAS Y OTROS ADUANAS (ND)||946454|791111
645413|COSTAS Y OTROS MUNICIPALIDAD (ND)||946454|791111
65|OTROS GASTOS DE GESTION|2||
651|SEGUROS|3||
6511|SEGURO UNIDADES DE TRANSPORTES|4||
651111|SEGURO UNIDADES DE TRANSPORTES||946511|791111
6512|SOAT|4||
651211|SOAT||946512|791111
6513|SEGUROS|4||
651311|SEGURO-RESPONSABILIDAD CIVIL||946513|791111
651312|SEGURO-CONTRA INCENDIO||946513|791111
651313|SEGURO EQUIPOS ELECTRONICOS||946513|791111
651314|SEGURO CONTRA ROBO-ASALTO(3D)||946513|791111
651315|SEGURO TODO RIESGO||946513|791111
651316|SEGURO LINEA CREDITO||946513|791111
651317|SEGURO DE DESHONESTIDAD||956513|791111
653|SUSCRIPCIONES|3||
6531|SUSCRIPCIONES|4||
653111|SUSCRIPCION REVISTA O PERIODICOS||946531|791111
654|LICENCIAS Y DERECHOS DE VIGENCIA|3||
6541|LICENCIAS Y DERECHOS DE VIGENCIA|4||
654111|LICENCIAS||946541|791111
655|COSTO NETO DE ENAJENACION DE ACTIVOS INM|3||
6551|COSTO NETO DE ENAJENACION DE ACTIVOS INM|4||
65513|ACTIVOS DERECHO DE USO - ARRENDA.FINANCI|5||
655131|COSTIO ENA--ACTIVOS ADQUIRIDOS ARRENDAMI||956551|791111
655132|COSTIO ENA-ACTIVOS ADQUIRIDOS ARRENDAMI||946551|791111
65514|PROPIEDAD, PLANTA Y EQUIPO|5||
655141|COSTIO ENA-NMUEBLES, MAQUINARIA Y EQUIPO||956551|791111
655142|COSTIO ENA-INMUEBLES, MAQUINARIA Y EQUIP||946551|791111
65515|INTANGIBLES|5||
655151|COSTO ENAJENACION INTANGIBLES VTA||956551|791111
655152|COSTO ENAJENACION INTANGIBLES ADM||946551|791111
656|SUMINISTROS|3||
6561|UTILES DE OFICINA|4||
656111|UTILES DE ESCRITORIO||946561|791111
656112|UTILES PARA COMPROBANTES DE PAGO||946561|791111
6562|UTILES LIMPIEZA -BOTIQUIN|4||
656211|UTILES LIMPIEZA||946562|791111
656212|UTILES BOTIQUIN||956562|791111
6563|COMBUSTIBLE-LUBRICANTES Y REPÙESTOS|4||
656311|COMBUSTIBLE UNIDADES TRANSPORTES PROPIAS||946563|791111
656312|COMBUSTIBLE UNIDADES TRANSPORTES ALQUILA||946563|791111
656313|LUBRICANTES UNIDADES DE TRANSPORTES PROP||946563|791111
656314|RESPUESTOS  UNIDADES DE TRANSPORTES PROP||946563|791111
6564|ENVASES Y EMBALAJES|4||
656411|BOLSAS||946564|791111
656412|CINTAS EMBALAJE||946564|791111
656413|ETIQUETAS PRESENTACION RETAIL||946564|791111
656414|CAJAS PRESENTACION RETAIL||946564|791111
656415|CAJAS EMBALAJE RETAIL||946564|791111
656416|CINTAS EMBALAJE RETAIL||946564|791111
656417|BOLSAS RETAIL||946564|791111
656418|ETIQUETAS RETAIL||946564|791111
656419|CINTILLOS||946564|791111
6565|REPUESTOS-SOPORTE TECNICO|4||
656511|REPUESTOS-SOPORTE TECNICO||946565|791111
6566|MUEBLES Y EQUIPOS MENORES|4||
656611|MUEBLES RETAIL||946566|791111
656612|MUEBLES||946566|791111
656613|EQUIPOS DIVERSOS||946566|791111
656614|EXTINTORES Y RECARGAS||946566|791111
6567|SUMINISTRO MARKETING|4||
656711|MATERIALES PARA MARKETING||956567|791111
6568|SUMINISTROS PARA MANTENIMIENTO LOCAL|4||
656811|SUMINISTRO PARA MANTENIMIENTO DE LOCAL||956568|791111
659|OTROS GASTOS DE GESTION|3||
6592|SANCIONES ADMINISTRATIVAS|4||
659211|MULTAS ADMINISTRATIVAS(ND)||946592|791111
659212|INTERESES ADMINISTRATIVOS(ND)||946592|791111
6594|PERDIDA DE MERCADERIA|4||
659411|PERDIDA FISICA DE MERCADERIA KX||956594|791111
659412|PERDIDA FISICA DE MERCADERIA(ND)||956594|791111
6595|DESTRUCCION DE MERCADERIA|4||
659511|DESTRUCCION DE MERCADERIA KX||946595|791111
6599|OTROS GASTOS DIVERSOS|4||
659911|EGRESO CUADRE CTASXCOBRAR MENORES 0.50||956599|791111
659912|PERDIDA POR REDONDEO MENORES 0.50||956599|791111
659913|GASTOS VARIOS||956599|791111
659914|OTROS GASTOS VARIOS(ND)||956599|791111
659915|GASTOS DE  CARNET DE SANIDAD||956599|791111
67|GASTOS FINANCIEROS|2||
671|GASTOS EN OPERACIONES DE ENDEUDAMIENTOS|3||
6711|GASTOS PRESTAMOS DE INSTITUCIONES FINANC|4||
671111|COMISIÓN FINANCIAMIENTO||976711|791111
671112|COMISION RENOVACION PRESTAMO||976711|791111
671113|COMISION STANDBY||976711|791111
671114|MENSAJE SWISS STAND BY||976711|791111
6712|GASTOS CONTRATOS DE ARRENDAMIENTO FINANC|4||
671211|COMISIONES-PORTES LEASING||976712|791111
6714|GASTOS DOCUMENTOS VENDIDOS O DESCONTADOS|4||
671411|COMISION LETRAS EN COBRANZA LIBRE||976714|791111
671412|COMISION PROTESTO LETRA EN COBRANZA LIBR||976714|791111
671413|PORTES LETRAS EN COBRANZA LIBRE||976714|791111
671414|COMISION  LETRAS EN DESCUENTO||976714|791111
671415|COMISION PROTESTO LETRA DESCUENTO||976714|791111
671416|PORTES LETRAS  EN DESCUENTO||976714|791111
6715|GASTOS CARTAS FIANZAS|4||
671511|COMISION CARTA FIANZA||976715|791111
671512|COMISION RENOVACION CARTA FIANZA||976715|791111
673|INTERESES POR PRÉSTAMOS Y OTRAS OBLIGACI|3||
6731|INT.PREST.INSTITUC.FINANCIER Y OTRAS ENT|4||
67311|INT.PRESTAMOS DE INSTITUCIONES FINANCIER|5||
673111|INTERES FINANCIAMIENTO-BANCOS||976731|791111
673112|INTERES CARTA FIANZA BANCARIOS||976731|791111
673113|INTERES SOBREGIRO BANCARIOS||976731|791111
673114|INTERESES MORATORIOS BANCARIOS(ND)||976731|791111
6732|INT.CONTRATOS DE ARRENDAMIENTO FINANCIER|4||
673211|INTERESES LEASING||976732|791111
6734|INT.DOCUMENTOS VENDIDOS O DESCONTADOS|4||
673411|INTERESES LETRAS EN DESCUENTO||976734|791111
673412|INTERESES LETRAS EN COBRANZA LIBRE||976734|791111
674|GASTOS EN OPERACIONES DE FACTORAJE(FACTO|3||
6741|PERDIDAS EN INSTRUMENTOS VENDIDOS|4||
674111|GASTOS OPERACIONES FACTORAJE-TELEBANKING||976741|791111
675|DESCUENTCONCEDIDOS PRONTO PAGO|3||
6751|DESCUENTCONCEDIDOS PRONTO PAGO|4||
675111|DESCUENTO CC. POR PRONTO PAGO||976751|791111
676|DIFERENCIA DE CAMBIO|3||
6761|PERDIDA POR DIFERENCIA TIPO CAMBIO|4||
676111|PERDIDA POR DIFERENCIA TIPO CAMBIO||976761|791111
676112|PERDIDA POR DIFERENCIA DE TIPO CAMBIO CR||976761|791111
676113|PERDIDA POR DIFERENCIA TIPO CAMBIO(ND)||976762|791111
68|VALUACION Y DETERIORO ACT. Y PROVISIONES|2||
682|DEP.ACTIVOS DERECHO USO - ARRENDA.FINANC|3||
6822|DEP.PROP.PLANTA Y EQUI.- ARRENDA.FINANCI|4||
68221|DEP.ARRENDA FINAN.-EDIFICACIONES|5||
682211|DEP.ARRENDA FINAN.-EDIFICACIONES COSTO||956822|791111
68223|DEP.ARRENDA FINAN.-UNID.TRANSPORTE|5||
682231|DEP.ARRENDA FINAN.-UNID.TRANSPORTE COSTO||956822|791111
684|DEPRECIACIÓN DE PROPIEDAD, PLANTA Y EQUI|3||
6841|DEP.PROP.PLANTA Y EQUI.-COSTO|4||
68411|EDIFICACIONES|5||
684111|DEPREC.EDIFICACIONES VTA COSTO||956841|791111
68413|UNIDADES DE TRANSPORTE|5||
684131|DEPREC.EQUIPO TRANSPORTE VTA COSTO||956841|791111
684132|DEPREC.EQUIPO TRANSPORTE ADM COSTO||946841|791111
68414|MUEBLES Y ENSERES|5||
684141|DEPREC.MUEBLES VTA COSTO||956841|791111
684142|DEPREC.MUEBLES ADM COSTO||946841|791111
68415|EQUIPOS DIVERSOS|5||
684151|DEP.EQ.PROCESA.DATOS VTA COSTO||956841|791111
684152|DEP.EQ.PROCESA.DATOS ADM COSTO||946841|791111
684153|DEP.EQUIPO DE COMUNICACIÓN VTA COSTO||956841|791111
684154|DEP.EQUIPO DE COMUNICACIÓN ADM COSTO||946841|791111
684155|DEP.EQUIPO DE SEGURIDAD VTA COSTO||956841|791111
684156|DEP.EQUIPO DE SEGURIDAD ADM COSTO||946841|791111
684157|DEP.OTROS EQUIPOS VTA COSTO||956841|791111
684158|DEP.OTROS EQUIPOS ADM COSTO||946841|791111
686|AMORTIZACIÓN DE INTANGIBLES|3||
6861|AMORTIZACIÓN DE INTANGIBLES – COSTO|4||
68611|CONCESIONES, LICENCIAS Y OTROS DERECHOS|5||
686111|CONCESIONES, LICENCIAS Y OTROS DERECHOS||946861|791111
68613|PROGRAMAS DE COMPUTADORA (SOFTWARE)|5||
686131|PROGRAMAS DE COMPUTADORA(SOFWARE)||946861|791111
687|VALUACION DE ACTIVOS|3||
6871|ESTIMACIÓN DE CUENTAS DE COBRANZA DUDOSA|4||
68711|CUENTAS POR COBRAR COMERCIALES – TERCERO|5||
687111|CUENTAS POR COBRAR COMERCIALES - TERCERO||956871|791111
68712|CUENTAS POR COBRAR COMERCIALES – RELACIO|5||
687121|CUENTAS POR COBRAR COMERCIALES - RELACIO||956871|791111
68713|CUENTAS POR COBRAR AL PERSONAL, A LOS AC|5||
687131|CUENTAS POR COBRAR AL PERSONAL, A LOS AC||956871|791111
68714|CUENTAS POR COBRAR DIVERSAS – TERCEROS|5||
687141|CUENTAS POR COBRAR DIVERSAS - TERCEROS||956871|791111
68715|CUENTAS POR COBRAR DIVERSAS – RELACIONAD|5||
687151|CUENTAS POR COBRAR DIVERSAS - RELACIONAD||956871|791111
68719|ESTIMACIONES CUENTA COBRANZA DUDOSA(ND)|5||
687191|CUENTA POR COBRAR  DUDOSA (ND)||956871|791111
689|PROVISIONES|3||
6899|OTRAS PROVISIONES|4||
68991|OTRAS PROVISIONES|5||
689911|OTRAS PROVISIONES (ND)|||
69|COSTO DE VENTAS|2||
691|MERCADERÍAS|3||
6911|MERCADERÍAS - EXPORTACIÓN|4||
69111|MERCADERÍAS - EXPORTACIÓN TERCERO|5||
691111|MERCADERÍAS - EXPORTACIÓN TERCERO|||
6912|MERCADERÍAS - VENTA LOCAL|4||
69121|MERCADERÍAS - VENTA LOCAL TERCERO|5||
691211|MERCADERÍAS - VENTA LOCAL TERCERO|||
691212|SUMINISTROS - VENTA LOCAL TERCERO|||
69122|MERCADERÍAS - VENTA LOCAL RELACIONADA|5||
691221|MERCADERÍAS - VENTA LOCAL RELACIONADA|||
691222|SUMINISTROS - VENTA LOCAL RELACIONADA|||
6913|MERCADERIA - VENTA EN EL EXTERIOR|4||
691311|MERCADERIA - VENTA EN EL EXTERIOR|||
692|PRODUCTOS TERMINADOS|3||
6922|PROD.TERMINADOS - VENTA LOCAL|4||
69221|PROD.TERMIN.- VENTA LOCAL TERCERO|5||
692211|PROD.TERMIN.- VENTA LOCAL TERCERO|||
69222|PROD.TERMIN.- VENTA LOCAL RELACIONADAS|5||
692221|PROD.TERMIN.- VENTA LOCAL RELACIONADAS|||
693|SERVICIOS TERMINADOS|3||
6932|SERVICIOS – LOCAL TERCERO|4||
69321|SERVICIOS – LOCAL TERCERO|5||
693211|SERVICIOS – LOCAL TERCERO|||
69322|SERVICIO - LOCAL RELACIONADAS|5||
693221|SERVICIO - LOCAL RELACIONADAS|||
695|GASTOS POR DESVALORIZACIÓN DE INVENTARIO|3||
6951|MERCADERÍAS COSTO|4||
69511|MERCADERÍAS COSTO|5||
695111|GASTOS POR DESVALOR. MERCADERIA COSTO|||
6955|MATERIAS PRIMAS COSTO|4||
69551|MATERIAS PRIMAS COSTO|5||
695511|GASTOS POR DESVALOR. MAT.PRIMAS COSTO|||
6956|MATERIALES AUX.SUMINI. REPUESTOS COSTO|4||
69561|MATERIALES AUX.SUMINI. REPUESTOS COSTO|5||
695611|MATERIALES AUX.SUMINI. REPUESTOS COSTO|||
70|VENTAS|2||
701|MERCADERIAS|3||
7011|MERCADERIAS - VENTA DE EXPORTACIÓN|4||
70111|MERCADERIAS - VENTA DE EXPORT. TERCERO|5||
701111|MERCADERIAS - VENTA DE EXPORT. TERCERO|||
70112|MERCADERIAS - VENTA DE EXPORT. RELACION|5||
701121|MERCADERIAS - VENTA DE EXPORT. RELACIONA|||
7012|MERCADERIAS - VENTA LOCAL|4||
70121|MERCADERIAS - VENTA LOCAL TERCERO|5||
701211|MERCADERIAS - VENTA LOCAL TERCERO|||
701212|SUMINISTROS - VENTA LOCAL TERCERO|||
70122|MERCADERIAS - VENTA LOCAL RELACIONADAS|5||
701221|MERCADERIAS - VENTA LOCAL RELACIONADAS|||
701222|SUMINISTROS - VENTA LOCAL RELACIONADAS|||
7013|MERCADERIA - VENTA EN EL EXTERIOR|4||
70131|MERCADERIA - VENTA EN EL EXTERIOR TERCER|5||
701311|MERCADERIA - VENTA EN EL EXTERIOR TERCER|||
702|PRODUCTOS TERMINADOS|3||
7022|PRODUCTOS TERMINADOS - VENTA LOCAL|4||
70221|PRODUCTOS TERM. - VENTA LOCAL TERCERO|5||
702211|PRODUCTOS TERM. - VENTA LOCAL TERCERO|||
70222|PRODUCTOS TERM. - VENTA LOCAL RELACIONAD|5||
702221|PRODUCTOS TERM. - VENTA LOCAL RELACIONAD|||
703|SERVICIOS TERMINADOS|3||
7032|SERVICIOS – LOCAL|4||
70321|SERVICIOS – LOCAL TERCERO|5||
703211|SERVICIOS-LOCAL TERCERO|||
70322|SERVICIOS-LOCAL RELACIONADAS|5||
703221|SERVICIOS-LOCAL RELACIONADAS|||
709|DEVOLUCIONES SOBRE VENTAS|3||
7091|MERCADERIAS - VENTA DE EXPORTACIÓN|4||
70911|MERCADERIAS - VENTA DE EXPORT. TERCERO|5||
709111|MERCADERIAS - VENTA DE EXPORT. TERCERO|||
70912|MERCADERIAS - VENTA DE EXPORT. RELACION|5||
709121|MERCADERIAS - VENTA DE EXPORT. RELACION|||
7092|MERCADERIAS - VENTA LOCAL|4||
70921|MERCADERIAS - VENTA LOCAL TERCERO|5||
709211|MERCADERIAS - VENTA LOCAL TERCERO|||
709212|SUMINISTROS - VENTA LOCAL TERCERO|||
70922|MERCADERIAS VENTA LOCAL RELACIONADAS|5||
709221|MERCADERIAS VENTA LOCAL RELACIONADAS|||
709222|SUMINISTROS - VENTA LOCAL RELACIONADAS|||
7093|PRODUCTOS TERMINADOS-VENTA EXPORTACION|4||
70931|PRODUCTOS TERMINADOS-VENTA EXPORTA LOCAL|5||
709311|PRODUCTOS TERMINADOS-VENTA EXPORTA LOCAL|||
70932|PRODUCTOS TERM. - VENTA EXPORTA RELACION|5||
709321|PRODUCTOS TERM. - VENTA EXPORTA RELACION|||
71|VARIACIÓN DE LA PRODUCCIÓN ALMACENADA|2||
711|VARIACIÓN DE PRODUCTOS TERMINADOS|3||
7111|VARIACION PRODUCTOS TERMINADOS|4||
711111|PRODUCTOS MANUFACTURADOS|||
73|DESCUENTOS, REBAJAS Y BONIFICACIONES OBT|2||
731|DESCUENTOS, REBAJAS Y BONIFICACIONES OBT|3||
7311|DESCUENTOS, REBAJAS Y BONIFIC. OBTENIDOS|4||
731111|BONIFICACION-RECUPERACION DE FONDOS|||
731112|BONIFICACION POR REBATE|||
731113|BONIFICACION POR RMA|||
731114|PROTECCION DE PRECIO|||
731115|PROTECCION PRECIO NO APLICADA|||
731116|BONIFICACION POR MUESTRA|||
731117|BONIFICACION POR FALTANTES|||
731118|BONIFICACION POR OEM|||
731119|BONIFICACION POR VENTAS|||
731120|DESCUENTOS OBTENIDOS|||
74|DESCUENTOS, REBAJAS Y BONIFICACIONES CON|2||
741|DESCUENTOS, REBAJAS Y BONIFICACIONES CON|3||
7411|DESCUENTOS, REBAJAS Y BONIFIC. CONCEDIDO|4||
741111|DESCUENTOS, REBAJAS Y BONIFICACIONES TER|||
7412|DESCUENTOS, REBAJAS Y BONIFIC. CONCEDIDO|4||
741211|DESCUENTOS, REBAJAS Y BONIFIC. CONCEDIDO|||
75|OTROS INGRESOS DE GESTIÓN|2||
754|ALQUILERES|3||
7542|EDIFICACIONES|4||
754211|EDIFICACIONES-LOCAL 1531 LINCE|||
7544|ALQUILER DE MUEBLES|4||
754411|ALQUILER DE MUEBLES|||
7545|EQUIPOS DIVERSOS|4||
754511|ALQUILER DE EQUIPOS DE COMPUTO|||
754512|ALQUILER DE EQUIPOS DIVERSOS|||
755|RECUPERACIÓN DE CUENTAS DE VALUACIÓN|3||
7551|RECUPERACIÓN – CUENTAS DE COBRANZA DUDOS|4||
755111|RECUPERACION - CUENTAS DE COBRANZA DUDOS|||
7552|RECUPERACIÓN – DESVALORIZACIÓN DE INVENT|4||
755211|RECUPERACION - DESVALORIZACION DE INVENT|||
756|ENAJENACIÓN DE ACTIVOS INMOVILIZADOS|3||
7564|PROPIEDAD, PLANTA Y EQUIPO|4||
756411|ENAJENACION UNIDADES DE TRANSPORTE|||
759|OTROS INGRESOS DE GESTIÓN|3||
7591|SUBSIDIOS GUBERNAMENTALES|4||
75911|SUBSIDIOS GUBERNAMENTALES|5||
759111|SUBSIDIOS GUBERNAMENTALES|||
7592|RECLAMOS AL SEGURO|4||
759211|RECLAMOS AL SEGURO|||
7593|DONACIONES|4||
759311|DONACIONES MERCADERIA VOLUMEN COMPRA|||
7594|DEVOLUCIONES TRIBUTARIAS|4||
759411|DEVOLUCIONES TRIBUTARIAS|||
7599|OTROS INGRESOS DE GESTIÓN|4||
759911|INGRESO CUADRE CTASXCOBRAR MENORES 0.50|||
759912|INGRESO-RECLAMO PROVEEDOR|||
759913|GANANCIA POR REDONDEO MENORES 0.50|||
759914|OTROS INGRESOS DE GESTION|||
759915|INGRESO MERCADERIA POR ETG-RMA|||
759916|INGRESO ETG PUBLICIDAD|||
759917|SOBRANTE DE INVENTARIO|||
759918|SOBRANTE DE IMPORTACION|||
77|INGRESOS FINANCIEROS|2||
772|RENDIMIENTOS GANADOS|3||
7721|DEPÓSITOS EN INSTITUCIONES FINANCIERAS|4||
772111|INTERES DEPÓSITO A PLAZO|||
772112|INTERESES OVER NIGHT|||
772113|INTERES LETRAS EN COBRANZA LIBRE|||
772114|INTERES GANADOS EN BANCOS|||
7723|INT.PRESTAMOS OTORGADOS|4||
772311|INT.PRESTAMOS OTORGADOS TERCERO|||
772312|INT.PRESTAMOS OTORGADOS SOCIO|||
7726|OTRAS ENTIDADES|4||
772611|INTERESESE SUNAT|||
774|INGRESOS EN OPERACIONES DE FACTORAJE (FA|3||
7741|INGRESOS EN OPERACIONES DE FACTORAJE (FA|4||
774111|INGRESOS EN OPERACIONES DE FACTORAJE (FA|||
775|DESCUENTOS OBTENIDOS POR PRONTO PAGO|3||
7751|DESCUENTOS OBTENIDOS POR PRONTO PAGO|4||
775111|DESCUENTOS OBTENIDOS POR PRONTO PAGO|||
776|DIFERENCIA DE CAMBIO|3||
7761|DIFERENCIA DE CAMBIO|4||
776111|INGRESO POR DIFERENCIA DE TIPO DE CAMBIO|||
776112|INGRESO POR DIFERENCIA DE TIPO CAMBIO CR|||
779|OTROS INGRESOS FINANCIEROS|3||
7792|INGRESOS FINANCIEROS EN MEDICION A VALOR|4||
779211|INGRESOS FINANCIEROS EN MEDICION A VALOR|||
79|CARGAS IMPUTABLES A CUENTAS DE COSTOS Y|2||
791|CARGAS IMPUTABLES A CUENTAS DE COSTOS Y|3||
7911|CARGAS IMPUTABLES A CUENTAS DE COSTOS Y|4||
791111|CARGAS IMPUTABLES A CUENTAS DE COSTOS Y|||
80|MARGEN COMERCIAL|2||
801|MARGEN COMERCIAL|3||
8011|MARGEN COMERCIAL|4||
801111|MARGEN COMERCIAL|||
82|VALOR AGREGADO|2||
821|VALOR AGREGADO|3||
8211|VALOR AGREGADO|4||
821111|VALOR AGREGADO|||
83|EXCEDENTE BRUTO (INSUFICIENCIA BRUTA) DE|2||
831|EXCEDENTE BRUTO (INSUFICIENCIA BRUTA) DE|3||
8311|EXCEDENTE BRUTO (INSUFICIENCIA BRUTA) DE|4||
831111|EXCEDENTE BRUTO (INSUFICIENCIA BRUTA) DE|||
84|RESULTADO DE EXPLOTACIÓN|2||
841|RESULTADO DE EXPLOTACIÓN|3||
8411|RESULTADO DE EXPLOTACION|4||
841111|RESULTADO DE EXPLOTACION|||
85|RESULTADO ANTES DE PARTICIPACIONES E IMP|2||
851|RESULTADO ANTES DEL IMPUESTO A LAS GANAN|3||
8511|RESULTADO ANTES DEL IMPUESTO A LAS GANAN|4||
851111|RESULTADO ANTES DEL IMPUESTO A LAS GANAN|||
88|IMPUESTO A LA RENTA|2||
881|IMPUESTO A LA RENTA-CORRIENTE|3||
8811|IMPUESTO A LA RENTA-CORRIENTE|4||
881111|IMPUESTO A LA RENTA-CORRIENTE|||
882|IMPUESTO A LAS GANANCIAS – DIFERIDO|3||
8821|IMPUESTO A LAS GANANCIAS – DIFERIDO|4||
882111|IMPUESTO A LAS GANANCIAS – DIFERIDO|||
89|DETERMINACIÓN DEL RESULTADO DEL EJERCICI|2||
891|UTILIDAD|3||
8911|UTILIDAD|4||
891111|UTILIDAD DEL EJERCICIO|||
892|PÉRDIDA|3||
8921|PÉRDIDA|4||
892111|PERDIDA DEL EJERCICIO|||
91|COSTO DE SERVICIO|2||
91632|ASESORIA Y CONSULTORIA|5||
916328|SERVICIO SOPORTE LOGITECH|||
94|GASTOS ADMINISTRATIVOS|2||
946|GASTOS ADMINISTRATIVOS|3||
9462|GASTOS DE PERSONAL Y DIRECTORES|4||
94621|REMUNERACIONES|5||
946211|SUELDOS Y SALARIOS|||
946214|GRATIFICACIONES|||
946215|VACACIONES|||
94622|OTRAS REMUNERACIONES|5||
946221|OTRAS REMUNERACIONES|||
94624|CAPACITACION|5||
946241|CAPACITACION|||
94625|ATENCION AL PERSONAL|5||
946251|ATENCION AL PERSONAL|||
94627|SEGURIDAD Y PREVISION SOCIAL Y OTRAS CON|5||
946271|REGIMEN DE PRESTACION DE SALUD|||
946273|SEGURO COMPLEMENTARIO DE TRABAJODE RIESG|||
946274|SEGURO DE VIDA|||
946275|SEGUROS PARTI. PREST.SALUD – EPS Y OTROS|||
94629|BENEFICIOS SOCIALES DE LOS TRABAJADORES|5||
946291|COMPENSACION POR TIEMPO DE SERVICIOS|||
946294|PARTICIPACIÓN EN LAS UTILIDADES|||
9463|GASTOS SERVIC.PREST.X TERCEROS|4||
94631|TRANSPORTE, CORREOS Y GASTOS DE VIAJE|5||
946311|TRANSPORTE|||
946312|CORREOS|||
946313|ALOJAMIENTO POR VIAJE|||
946314|ALIMENTACION POR VIAJE|||
946315|OTROS GASTOS DE VIAJE|||
94632|ASESORIA Y CONSULTORIA|5||
946321|ADMINISTRATIVA|||
946322|LEGAL Y TRIBUTARIA|||
946323|AUDITORIA Y CONTABLE|||
946324|MERCADOTECNIA|||
946326|INVESTIGACION Y DESARROLLO|||
946329|OTROS|||
946330|SERVICIO TECNICOS DROGUERIA|||
94634|MANTENIMIENTO Y REPARACIONES|5||
946342|ACTIVOS POR DERECHO DE USO|||
946343|PROPIEDAD, PLANTA Y EQUIPO|||
946346|MANTENIMIENTO DE SISTEMAS|||
94635|ALQUILERES|5||
946352|ALQUILER EDIFICACIONES|||
946354|EQUIPO DE TRANSPORTE|||
946355|MUEBLES Y ENSERES|||
946356|EQUIPOS DIVERSOS|||
94636|SERVICIOS BASICOS|5||
946361|ENERGIA ELECTRICA|||
946363|AGUA|||
946364|TELEFONOS|||
946365|INTERNET|||
946369|SERVICIO DE INFORMACION|||
94637|PUBLICIDAD, PUBLICACIONES, RELACIONES PÚ|5||
946371|PUBLICIDAD|||
946372|PUBLICACIONES|||
946373|RELACIONES PÚBLICAS|||
94638|SERVICIO DE CONTRATISTA|5||
946381|SERVICIO DE CONTRATISTA|||
94639|OTROS SERVICIOS PRESTADOS POR TERCEROS|5||
946391|GASTOS BANCARIOS|||
946393|PARQUEO|||
946394|SERVICIOS RETAIL|||
946399|SERVICIOS VARIOS|||
9464|GASTOS POR TRIBUTOS|4||
94641|GOBIERNO NACIONAL|5||
946411|IMPUESTO GENERAL A LAS VENTAS Y SELECTIV|||
946412|IMPUESTO A LAS TRANSACCIONES FINANCIERAS|||
946419|ICBPER|||
94643|GOBIERNO LOCAL|5||
946431|IMPUESTO PREDIAL|||
946432|ARBITRIOS MUNICIPALES Y SEGURIDAD CIUDAD|||
946433|IMPUESTO AL PATRIMONIO VEHICULAR|||
946434|LICENCIA DE FUNCIONAMIENTO|||
946435|IMPUESTO A LA ALCABALA|||
94644|OTROS GASTOS POR TRIBUTOS|5||
946443|OTROS|||
94645|GASTOS EN DEUDA TRIBUTARIA|5||
946451|INTERESES|||
946452|INTERESES - FRACCIONAMIENTO|||
946453|MULTAS|||
946454|COSTAS Y OTROS|||
9465|OTROS GASTOS DE GESTION|4||
94651|SEGUROS|5||
946511|SEGURO UNIDADES DE TRANSPORTES|||
946512|SOAT|||
946513|SEGUROS|||
94653|SUSCRIPCIONES|5||
946531|SUSCRIPCIONES|||
94654|LICENCIAS Y DERECHOS DE VIGENCIA|5||
946541|LICENCIAS Y DERECHOS DE VIGENCIA|||
94655|COSTO NETO DE ENAJENACION DE ACTIVOS INM|5||
946551|COSTO NETO DE ENAJENACION DE ACTIVOS INM|||
94656|SUMINISTROS|5||
946561|UTILES DE OFICINA|||
946562|UTILES LIMPIEZA -BOTIQUIN|||
946563|COMBUSTIBLE-LUBRICANTES Y REPÙESTOS|||
946564|ENVASES Y EMBALAJES|||
946565|REPUESTOS-SOPORTE TECNICO|||
946566|MUEBLES Y EQUIPOS MENORES|||
946568|SUMINISTROS PARA MANTENIMIENTO LOCAL|||
94659|OTROS GASTOS DE GESTION|5||
946592|SANCIONES ADMINISTRATIVAS|||
946594|PERDIDA DE MERCADERIA|||
946595|DESTRUCCION DE MERCADERIA|||
946599|OTROS GASTOS DIVERSOS|||
9468|VALUACION Y DETERIORO ACT. Y PROVISIONES|4||
94682|DEP.ACTIVOS DERECHO USO - ARRENDA.FINANC|5||
946822|DEP.PROP.PLANTA Y EQUI.- ARRENDA.FINANCI|||
94684|DEPRECIACIÓN DE PROPIEDAD, PLANTA Y EQUI|5||
946841|DEP.PROP.PLANTA Y EQUI.-COSTO|||
94686|AMORTIZACIÓN DE INTANGIBLES|5||
946861|AMORTIZACIÓN DE INTANGIBLES – COSTO|||
94687|VALUACION DE ACTIVOS|5||
946871|ESTIMACIÓN DE CUENTAS DE COBRANZA DUDOSA|||
95|GASTOS DE VENTAS|2||
956|GASTOS DE VENTAS|3||
95621|REMUNERACIONES|5||
956211|SUELDOS Y SALARIOS|||
956214|GRATIFICACIONES|||
956215|VACACIONES|||
95622|OTRAS REMUNERACIONES|5||
956221|OTRAS REMUNERACIONES|||
95624|CAPACITACION|5||
956241|CAPACITACION|||
95625|ATENCION AL PERSONAL|5||
956251|ATENCION AL PERSONAL|||
95627|SEGURIDAD Y PREVISION SOCIAL Y OTRAS CON|5||
956271|REGIMEN DE PRESTACION DE SALUD|||
956273|SEGURO COMPLEMENTARIO DE TRABAJODE RIESG|||
956274|SEGURO DE VIDA|||
956275|SEGUROS PARTI. PREST.SALUD – EPS Y OTROS|||
95629|BENEFICIOS SOCIALES DE LOS TRABAJADORES|5||
956291|COMPENSACION POR TIEMPO DE SERVICIOS|||
956294|PARTICIPACIÓN EN LAS UTILIDADES|||
9563|GASTOS SERVIC.PREST.X TERCEROS|4||
95631|TRANSPORTE, CORREOS Y GASTOS DE VIAJE|5||
956311|TRANSPORTE|||
956312|CORREOS|||
956313|ALOJAMIENTO POR VIAJE|||
956314|ALIMENTACION POR VIAJE|||
956315|OTROS GASTOS DE VIAJE|||
95632|ASESORIA Y CONSULTORIA|5||
956321|ADMINISTRATIVA|||
956322|LEGAL Y TRIBUTARIA|||
956323|AUDITORIA Y CONTABLE|||
956324|MERCADOTECNIA|||
956326|INVESTIGACION Y DESARROLLO|||
956328|SERVICIO DE SOPORTE LOGITECH|||
956329|OTROS|||
956330|SERVICIO TECNICOS DROGUERIA|||
95634|MANTENIMIENTO Y REPARACIONES|5||
956342|ACTIVOS POR DERECHO DE USO|||
956343|PROPIEDAD, PLANTA Y EQUIPO|||
956346|MANTENIMIENTO DE SISTEMAS|||
95635|ALQUILERES|5||
956352|ALQUILER EDIFICACIONES|||
956354|EQUIPO DE TRANSPORTE|||
956355|MUEBLES Y ENSERES|||
956356|EQUIPOS DIVERSOS|||
95636|SERVICIOS BASICOS|5||
956361|ENERGIA ELECTRICA|||
956363|AGUA|||
956364|TELEFONOS|||
956365|INTERNET|||
956369|SERVICIO DE INFORMACION|||
95637|PUBLICIDAD, PUBLICACIONES, RELACIONES PÚ|5||
956371|PUBLICIDAD|||
956372|PUBLICACIONES|||
956373|RELACIONES PÚBLICAS|||
95638|SERVICIO DE CONTRATISTA|5||
956381|SERVICIO DE CONTRATISTA|||
95639|OTROS SERVICIOS PRESTADOS POR TERCEROS|5||
956391|GASTOS BANCARIOS|||
956393|PARQUEO|||
956394|SERVICIOS RETAIL|||
956399|SERVICIOS VARIOS|||
9564|GASTOS POR TRIBUTOS|4||
95641|GOBIERNO NACIONAL|5||
956411|IMPUESTO GENERAL A LAS VENTAS Y SELECTIV|||
956412|IMPUESTO A LAS TRANSACCIONES FINANCIERAS|||
956419|ICBPER|||
95643|GOBIERNO LOCAL|5||
956431|IMPUESTO PREDIAL|||
956432|ARBITRIOS MUNICIPALES Y SEGURIDAD CIUDAD|||
956433|IMPUESTO AL PATRIMONIO VEHICULAR|||
956434|LICENCIA DE FUNCIONAMIENTO|||
956435|IMPUESTO A LA ALCABALA|||
95644|OTROS GASTOS POR TRIBUTOS|5||
956443|OTROS|||
95645|GASTOS EN DEUDA TRIBUTARIA|5||
956451|INTERESES|||
956452|INTERESES - FRACCIONAMIENTO|||
956453|MULTAS|||
956454|COSTAS Y OTROS|||
9565|OTROS GASTOS DE GESTION|4||
95651|SEGUROS|5||
956511|SEGURO UNIDADES DE TRANSPORTES|||
956512|SOAT|||
956513|SEGUROS|||
95653|SUSCRIPCIONES|5||
956531|SUSCRIPCIONES|||
95654|LICENCIAS Y DERECHOS DE VIGENCIA|5||
956541|LICENCIAS Y DERECHOS DE VIGENCIA|||
95655|COSTO NETO DE ENAJENACION DE ACTIVOS INM|5||
956551|COSTO NETO DE ENAJENACION DE ACTIVOS INM|||
95656|SUMINISTROS|5||
956561|UTILES DE OFICINA|||
956562|UTILES LIMPIEZA -BOTIQUIN|||
956563|COMBUSTIBLE-LUBRICANTES Y REPÙESTOS|||
956564|ENVASES Y EMBALAJES|||
956565|REPUESTOS-SOPORTE TECNICO|||
956566|MUEBLES Y EQUIPOS MENORES|||
956567|SUMINISTRO MARKETING|||
956568|SUMINISTROS PARA MANTENIMIENTO LOCAL|||
95659|OTROS GASTOS DE GESTION|5||
956592|SANCIONES ADMINISTRATIVAS|||
956594|PERDIDA DE MERCADERIA|||
956595|DESTRUCCION DE MERCADERIA|||
956599|OTROS GASTOS DIVERSOS|||
9568|VALUACION Y DETERIORO ACT. Y PROVISIONES|4||
95682|DEP.ACTIVOS DERECHO USO - ARRENDA.FINANC|5||
956822|DEP.PROP.PLANTA Y EQUI.- ARRENDA.FINANCI|||
95684|DEPRECIACIÓN DE PROPIEDAD, PLANTA Y EQUI|5||
956841|DEP.PROP.PLANTA Y EQUI.-COSTO|||
95686|AMORTIZACIÓN DE INTANGIBLES|5||
956861|AMORTIZACIÓN DE INTANGIBLES – COSTO|||
95687|VALUACION DE ACTIVOS|5||
956871|ESTIMACIÓN DE CUENTAS DE COBRANZA DUDOSA|||
95689|OTRAS PROVISIONES|5||
956899|OTRAS PROVISIONES|||
97|GASTOS FINANCIEROS|2||
976|GASTOS FINANCIEROS|3||
9767|GASTOS FINANCIEROS|4||
97671|GASTOS EN OPERACIONES DE ENDEUDAMIENTOS|5||
976711|GASTOS PRESTAMOS DE INSTITUCIONES FINANC|||
976712|GASTOS CONTRATOS DE ARRENDAMIENTO FINANC|||
976714|GASTOS DOCUMENTOS VENDIDOS O DESCONTADOS|||
976715|GASTOS CARTAS FIANZAS|||
97673|INTERESES POR PRÉSTAMOS Y OTRAS OBLIGACI|5||
976731|INT.PREST.INSTITUC.FINANCIER Y OTRAS ENT|||
976732|INT.CONTRATOS DE ARRENDAMIENTO FINANCIER|||
976734|INT.DOCUMENTOS VENDIDOS O DESCONTADOS|||
97674|GASTOS EN OPERACIONES DE FACTORAJE(FACTO|5||
976741|PERDIDAS EN INSTRUMENTOS VENDIDOS|||
97675|DESCUENTCONCEDIDOS PRONTO PAGO|5||
976751|DESCUENTCONCEDIDOS PRONTO PAGO|||
97676|DIFERENCIA DE CAMBIO|5||
976761|PERDIDA POR DIFERENCIA TIPO CAMBIO|||
976762|PERDIDA POR DIFERENCIA TIPO CAMBIO(ND)|||
